amount,timestamp,user
25.0,2017-11-12 11:13:44,0.0
50.0,2015-08-25 19:01:45,0.0
25.0,2015-03-26 12:03:47,0.0
50.0,2016-07-06 12:24:55,0.0
50.0,2016-05-11 18:13:04,1.0
75.0,2017-01-23 12:55:47,1.0
50.0,2016-05-05 19:03:13,1.0
50.0,2017-07-25 11:39:21,2.0
25.0,2016-06-07 21:50:09,2.0
25.0,2016-03-15 12:04:14,2.0
50.0,2017-07-04 19:03:59,2.0
25.0,2017-09-20 20:07:06,5.0
50.0,2017-07-28 12:56:00,5.0
25.0,2017-07-06 20:43:48,6.0
25.0,2017-11-01 22:25:27,6.0
50.0,2017-12-23 19:01:04,8.0
25.0,2017-11-11 18:56:17,8.0
75.0,2017-06-02 15:50:44,9.0
100.0,2016-12-18 17:30:52,9.0
100.0,2017-10-28 12:43:59,9.0
75.0,2017-11-28 17:21:56,9.0
25.0,2016-03-09 17:15:24,10.0
25.0,2017-01-30 13:33:58,10.0
50.0,2015-11-30 21:51:52,10.0
25.0,2016-12-08 21:40:12,10.0
25.0,2017-07-12 17:02:42,10.0
25.0,2015-09-16 13:15:39,10.0
25.0,2018-05-09 19:22:28,10.0
25.0,2018-01-29 21:12:56,10.0
50.0,2016-04-13 12:17:46,11.0
50.0,2018-01-05 21:39:39,11.0
25.0,2017-05-30 18:53:59,11.0
25.0,2017-12-25 14:31:17,11.0
50.0,2018-03-31 20:06:12,11.0
25.0,2016-10-03 17:22:55,11.0
50.0,2018-05-29 17:41:07,14.0
25.0,2018-05-25 17:03:52,14.0
25.0,2017-12-04 19:18:46,14.0
25.0,2017-09-09 19:24:14,14.0
25.0,2017-06-09 12:43:36,15.0
1000.0,2017-10-01 12:42:23,16.0
500.0,2017-05-31 15:59:39,16.0
25.0,2016-04-07 18:46:31,18.0
25.0,2017-07-25 22:07:55,18.0
25.0,2016-05-23 18:47:38,18.0
50.0,2017-04-07 20:58:04,18.0
25.0,2016-02-01 19:35:12,18.0
25.0,2017-12-03 21:17:03,18.0
50.0,2015-12-27 12:33:21,18.0
25.0,2017-10-18 12:29:40,18.0
25.0,2016-09-29 12:26:27,18.0
25.0,2017-08-30 19:35:13,18.0
25.0,2018-02-15 13:27:02,18.0
50.0,2017-05-01 21:17:26,18.0
25.0,2017-06-19 18:11:22,19.0
25.0,2018-04-01 22:12:40,19.0
25.0,2017-03-11 13:35:15,19.0
50.0,2017-07-08 18:58:16,19.0
1500.0,2018-01-26 15:38:03,20.0
1500.0,2017-03-06 16:47:29,20.0
1000.0,2017-05-10 18:15:50,20.0
1500.0,2017-04-19 20:38:19,20.0
1000.0,2017-01-19 21:02:58,20.0
1000.0,2017-07-14 19:35:52,20.0
25.0,2017-07-15 16:18:01,23.0
25.0,2018-04-02 13:00:23,23.0
25.0,2016-08-19 17:06:20,24.0
50.0,2016-09-05 17:26:38,24.0
25.0,2017-04-12 21:31:08,24.0
25.0,2018-04-01 15:20:15,24.0
50.0,2016-11-09 13:14:31,24.0
50.0,2017-01-20 20:36:27,24.0
50.0,2017-08-12 19:19:31,24.0
25.0,2018-04-09 12:57:00,24.0
50.0,2017-07-02 14:22:10,24.0
25.0,2017-02-20 21:29:23,24.0
25.0,2017-04-01 17:15:21,25.0
50.0,2017-12-29 16:30:27,25.0
25.0,2018-01-26 20:55:16,25.0
25.0,2017-12-11 19:19:00,25.0
25.0,2018-01-14 16:45:37,25.0
25.0,2015-08-28 19:33:41,25.0
25.0,2015-07-30 18:11:47,25.0
25.0,2015-06-27 21:49:25,25.0
50.0,2018-01-21 13:16:29,26.0
250.0,2016-09-27 16:00:54,28.0
250.0,2017-03-31 11:07:18,28.0
25.0,2017-03-02 12:13:53,29.0
50.0,2017-09-06 21:31:04,29.0
25.0,2017-11-13 13:56:37,29.0
25.0,2018-04-22 22:50:26,29.0
1500.0,2015-07-03 22:10:32,31.0
2000.0,2015-07-07 13:03:47,31.0
1500.0,2015-12-15 11:02:12,31.0
1500.0,2018-03-27 14:29:47,31.0
25.0,2016-02-17 12:26:14,33.0
25.0,2016-03-04 21:19:03,33.0
25.0,2017-09-28 21:06:08,33.0
25.0,2016-03-06 15:19:33,35.0
25.0,2016-07-05 12:32:25,35.0
25.0,2015-04-20 19:32:17,35.0
25.0,2017-04-16 22:32:36,35.0
50.0,2016-12-16 18:28:43,35.0
25.0,2018-03-04 18:21:01,35.0
50.0,2016-06-02 15:45:25,38.0
75.0,2016-07-08 17:57:31,38.0
50.0,2015-03-25 16:49:39,38.0
50.0,2017-05-19 11:33:55,38.0
50.0,2016-05-30 16:20:01,38.0
50.0,2018-05-06 18:06:32,38.0
50.0,2017-02-06 19:19:50,38.0
50.0,2017-04-26 19:30:51,38.0
50.0,2017-01-09 12:52:00,38.0
50.0,2015-11-14 14:16:11,38.0
50.0,2016-02-18 22:28:38,38.0
50.0,2016-02-24 18:23:20,38.0
250.0,2018-04-10 22:04:58,39.0
250.0,2018-05-18 15:10:54,39.0
500.0,2017-07-10 22:32:03,39.0
25.0,2017-09-17 17:41:42,40.0
25.0,2017-02-09 21:39:51,40.0
50.0,2017-11-07 22:16:50,40.0
50.0,2017-11-15 11:50:41,40.0
25.0,2017-03-17 16:18:11,40.0
25.0,2016-12-24 21:47:58,41.0
25.0,2017-06-17 14:12:27,41.0
25.0,2018-01-13 17:52:35,41.0
25.0,2017-10-14 16:48:54,41.0
50.0,2017-02-18 13:38:44,41.0
25.0,2018-01-08 20:22:56,41.0
75.0,2016-07-29 15:24:14,42.0
100.0,2017-01-13 19:08:16,42.0
75.0,2017-11-24 20:29:44,42.0
25.0,2017-09-08 17:30:12,45.0
25.0,2018-02-16 17:33:23,45.0
50.0,2017-05-03 20:53:31,45.0
50.0,2018-02-12 15:51:16,45.0
25.0,2017-07-05 12:30:52,45.0
50.0,2018-05-26 18:13:05,45.0
25.0,2017-05-14 18:53:50,46.0
25.0,2018-03-29 11:57:03,46.0
25.0,2018-03-28 20:38:16,46.0
25.0,2018-01-08 13:43:07,46.0
25.0,2017-11-08 22:09:33,50.0
25.0,2017-12-01 20:18:13,50.0
75.0,2018-04-21 16:09:39,51.0
50.0,2017-07-03 21:55:00,51.0
50.0,2018-05-18 13:46:04,51.0
75.0,2017-12-28 18:22:30,51.0
100.0,2017-01-23 19:48:54,52.0
100.0,2016-05-21 20:37:34,52.0
100.0,2016-12-20 12:28:05,52.0
100.0,2018-04-08 21:21:55,52.0
250.0,2017-10-11 17:39:28,52.0
250.0,2017-05-10 12:39:09,52.0
100.0,2018-01-30 22:55:57,52.0
250.0,2017-01-01 21:11:05,52.0
25.0,2016-05-13 20:59:04,54.0
25.0,2016-10-06 20:59:31,54.0
25.0,2016-02-14 19:39:55,54.0
25.0,2017-02-25 14:40:14,54.0
25.0,2015-12-04 19:31:37,54.0
25.0,2015-10-02 18:26:54,54.0
25.0,2016-08-07 11:40:04,54.0
25.0,2017-05-07 12:19:36,54.0
25.0,2017-05-18 15:28:46,54.0
25.0,2015-02-16 13:23:01,54.0
25.0,2017-10-24 20:07:55,54.0
25.0,2015-10-06 15:02:00,54.0
50.0,2017-06-21 18:17:37,54.0
25.0,2015-04-21 12:40:48,54.0
25.0,2015-10-29 13:04:19,54.0
25.0,2017-04-27 17:41:01,54.0
25.0,2015-03-26 19:05:09,54.0
25.0,2017-08-27 21:53:06,54.0
50.0,2017-10-20 22:46:57,54.0
25.0,2017-09-04 12:03:45,54.0
50.0,2018-01-14 11:20:28,56.0
50.0,2017-08-10 20:19:13,57.0
50.0,2018-02-26 20:53:50,57.0
75.0,2017-11-21 18:38:03,59.0
50.0,2018-01-25 21:18:39,59.0
50.0,2018-01-21 13:02:19,59.0
50.0,2018-01-28 13:07:52,59.0
50.0,2017-11-29 12:08:22,59.0
25.0,2017-11-12 13:25:05,63.0
25.0,2018-05-07 19:21:30,65.0
25.0,2017-12-23 15:37:03,66.0
25.0,2018-02-15 19:00:19,66.0
50.0,2018-01-23 17:11:42,66.0
25.0,2017-12-05 11:41:47,66.0
500.0,2017-06-14 12:50:54,69.0
500.0,2017-11-08 13:58:54,69.0
25.0,2018-03-23 20:13:00,70.0
50.0,2017-08-10 17:58:13,71.0
50.0,2017-01-14 18:07:43,71.0
25.0,2018-02-28 17:09:10,71.0
25.0,2017-11-18 22:51:56,71.0
50.0,2017-07-20 14:06:31,71.0
25.0,2017-10-03 14:33:53,71.0
25.0,2017-08-13 17:06:32,73.0
50.0,2018-02-08 16:46:04,73.0
25.0,2017-12-21 17:09:59,74.0
25.0,2016-12-04 17:42:48,74.0
25.0,2017-10-23 19:12:57,75.0
25.0,2015-03-02 18:00:01,75.0
25.0,2016-06-20 11:06:32,75.0
25.0,2015-09-28 19:46:16,75.0
25.0,2015-03-04 19:39:56,75.0
50.0,2018-01-11 20:18:27,75.0
50.0,2015-04-01 11:55:27,75.0
50.0,2016-04-03 14:28:12,75.0
50.0,2017-11-15 17:56:30,78.0
50.0,2018-02-12 17:35:05,78.0
25.0,2017-10-23 18:19:18,78.0
25.0,2018-02-28 12:34:03,80.0
25.0,2017-03-06 20:50:12,80.0
25.0,2017-03-11 11:31:08,80.0
50.0,2017-11-05 15:20:22,80.0
50.0,2018-01-01 13:39:55,81.0
25.0,2015-03-21 18:46:13,81.0
25.0,2018-02-05 16:29:01,81.0
25.0,2015-06-29 12:41:20,81.0
25.0,2016-06-17 20:19:04,81.0
25.0,2018-05-30 18:01:54,81.0
50.0,2017-08-19 19:59:25,81.0
25.0,2016-04-16 17:35:21,81.0
25.0,2016-06-11 22:45:20,81.0
25.0,2016-08-28 16:36:12,81.0
50.0,2015-05-30 17:05:07,81.0
50.0,2015-10-06 18:41:12,81.0
25.0,2017-02-26 21:33:16,83.0
25.0,2015-06-20 21:16:00,83.0
25.0,2015-05-09 15:08:48,83.0
25.0,2016-09-27 22:59:48,83.0
50.0,2016-03-08 19:58:57,83.0
25.0,2016-07-02 17:21:31,83.0
25.0,2016-05-27 12:47:13,83.0
25.0,2017-03-04 22:32:38,83.0
50.0,2018-01-12 13:33:43,83.0
25.0,2015-05-31 19:51:49,83.0
50.0,2016-03-25 12:45:40,83.0
25.0,2016-12-25 19:36:17,83.0
25.0,2018-06-03 21:05:19,84.0
25.0,2015-12-14 12:42:27,85.0
25.0,2017-06-28 22:23:06,85.0
25.0,2017-01-08 11:05:53,85.0
50.0,2016-10-01 20:24:08,85.0
25.0,2016-01-16 22:17:03,85.0
25.0,2017-01-16 17:35:20,85.0
1000.0,2018-03-28 14:52:34,88.0
100.0,2016-12-30 20:31:57,89.0
100.0,2017-02-15 15:34:04,89.0
250.0,2017-01-12 22:26:05,89.0
100.0,2016-02-29 19:33:10,89.0
25.0,2017-09-07 13:37:24,93.0
50.0,2016-03-14 22:04:49,93.0
50.0,2016-12-03 14:37:03,93.0
100.0,2016-02-05 16:31:19,96.0
250.0,2016-07-22 21:17:32,96.0
100.0,2017-10-06 13:11:10,96.0
100.0,2017-06-30 13:54:29,96.0
250.0,2017-06-21 17:58:12,96.0
250.0,2017-11-14 15:36:33,96.0
100.0,2016-09-20 15:55:13,96.0
100.0,2016-04-30 13:03:43,96.0
100.0,2018-03-22 19:17:17,96.0
250.0,2017-06-07 15:10:52,96.0
100.0,2016-04-18 16:49:49,96.0
100.0,2016-08-24 18:44:15,96.0
100.0,2017-12-30 20:22:00,96.0
250.0,2016-12-01 19:21:44,96.0
250.0,2018-01-16 13:33:49,96.0
100.0,2017-07-27 19:18:06,96.0
250.0,2016-04-25 22:34:34,96.0
100.0,2017-09-02 16:51:11,96.0
25.0,2017-04-12 20:07:42,97.0
25.0,2016-03-10 11:20:08,98.0
50.0,2016-06-20 21:00:34,98.0
25.0,2017-09-24 22:52:35,98.0
25.0,2016-07-13 16:24:06,98.0
25.0,2017-06-01 13:19:08,98.0
25.0,2016-02-18 22:48:19,98.0
25.0,2016-10-07 13:49:34,98.0
25.0,2015-09-30 17:58:37,98.0
25.0,2015-07-20 11:35:52,98.0
50.0,2017-12-02 15:18:16,98.0
25.0,2015-12-19 14:15:54,98.0
25.0,2015-08-27 16:42:45,98.0
25.0,2017-03-11 15:04:15,98.0
50.0,2016-01-03 21:11:50,98.0
25.0,2017-02-02 22:07:06,98.0
50.0,2016-10-26 22:41:33,98.0
25.0,2018-02-06 22:31:37,100.0
25.0,2017-02-11 12:39:18,101.0
25.0,2017-07-10 22:50:48,101.0
25.0,2016-11-05 11:41:53,101.0
25.0,2017-09-10 11:15:00,101.0
25.0,2017-10-14 11:34:39,101.0
25.0,2016-09-24 13:22:33,101.0
100.0,2017-05-01 15:36:44,102.0
250.0,2018-05-15 11:43:07,102.0
25.0,2016-04-12 18:38:20,103.0
25.0,2017-09-19 21:07:33,103.0
25.0,2016-12-23 15:35:20,103.0
50.0,2018-03-22 17:38:56,103.0
25.0,2016-05-16 13:39:57,103.0
25.0,2016-05-06 13:16:42,103.0
25.0,2018-01-26 14:44:00,107.0
50.0,2017-03-08 12:56:12,107.0
50.0,2017-08-20 13:05:16,108.0
50.0,2016-04-18 22:19:29,108.0
50.0,2016-04-14 15:38:40,108.0
50.0,2016-11-10 22:43:17,108.0
25.0,2016-10-24 15:23:07,108.0
50.0,2016-11-06 18:14:49,108.0
50.0,2017-11-05 18:14:12,109.0
50.0,2018-04-01 11:01:48,110.0
50.0,2018-02-04 22:20:50,110.0
50.0,2017-05-17 19:41:07,111.0
25.0,2015-07-17 21:20:32,111.0
25.0,2015-06-16 16:07:49,111.0
50.0,2018-04-30 12:48:56,111.0
50.0,2016-03-30 11:07:22,111.0
25.0,2016-10-23 22:02:09,111.0
25.0,2016-11-22 20:46:30,111.0
25.0,2015-10-05 15:27:22,111.0
25.0,2017-11-05 18:23:13,111.0
25.0,2018-02-04 11:47:40,111.0
50.0,2015-06-29 22:15:02,111.0
25.0,2017-11-17 22:34:33,111.0
50.0,2016-09-10 14:53:46,111.0
25.0,2016-02-07 16:35:32,111.0
25.0,2016-12-30 14:41:22,111.0
25.0,2017-04-15 13:18:51,112.0
25.0,2018-03-11 22:52:39,112.0
25.0,2018-05-06 12:10:45,113.0
50.0,2018-04-01 14:46:34,113.0
25.0,2018-05-18 18:19:39,113.0
25.0,2017-01-04 16:30:21,113.0
25.0,2017-03-02 17:29:34,113.0
25.0,2017-07-03 18:02:43,113.0
25.0,2017-06-14 18:42:53,113.0
50.0,2016-11-11 15:31:05,113.0
1000.0,2018-02-28 18:31:12,117.0
1500.0,2017-08-08 22:23:43,117.0
25.0,2017-08-08 21:40:50,119.0
1000.0,2017-11-06 13:52:45,120.0
50.0,2017-11-14 21:09:06,121.0
50.0,2017-08-03 21:11:47,124.0
25.0,2017-10-27 11:05:09,124.0
25.0,2018-04-05 14:54:43,124.0
25.0,2018-04-26 16:29:42,125.0
25.0,2018-02-28 22:27:53,125.0
25.0,2018-01-12 14:08:52,125.0
25.0,2018-03-27 22:00:38,125.0
25.0,2018-02-08 21:53:22,125.0
25.0,2018-02-09 18:28:19,126.0
25.0,2018-03-25 22:06:47,127.0
50.0,2017-11-24 20:01:41,127.0
25.0,2017-11-07 17:37:07,127.0
25.0,2018-03-02 17:52:40,127.0
25.0,2017-08-30 21:57:18,127.0
25.0,2017-09-25 21:21:49,127.0
25.0,2017-06-05 13:26:35,127.0
50.0,2017-06-03 13:02:35,127.0
1500.0,2016-12-12 14:40:36,128.0
1500.0,2017-12-17 18:40:26,128.0
1500.0,2016-12-05 16:22:55,128.0
1500.0,2017-09-09 17:12:39,128.0
1500.0,2016-11-07 17:22:15,128.0
2000.0,2018-04-22 20:37:45,128.0
25.0,2015-12-30 14:30:31,129.0
25.0,2017-01-25 13:03:20,129.0
50.0,2017-01-27 21:50:43,129.0
25.0,2016-11-04 15:45:13,129.0
25.0,2016-12-20 22:58:13,129.0
50.0,2016-10-30 12:29:39,129.0
50.0,2016-05-31 14:05:17,129.0
50.0,2015-12-11 22:25:53,129.0
25.0,2017-08-24 20:25:04,129.0
25.0,2017-04-18 12:31:03,129.0
50.0,2016-08-13 13:11:32,129.0
50.0,2016-10-02 18:39:21,129.0
25.0,2018-02-05 12:42:05,129.0
50.0,2016-05-11 14:13:08,129.0
25.0,2016-02-15 12:01:25,129.0
500.0,2017-11-21 22:34:00,130.0
1000.0,2018-04-13 17:10:34,130.0
25.0,2018-05-25 14:21:18,131.0
25.0,2018-02-09 14:31:49,131.0
50.0,2017-05-17 11:47:29,132.0
25.0,2016-11-08 18:53:14,133.0
25.0,2015-12-16 18:11:00,133.0
25.0,2018-05-30 11:24:17,133.0
25.0,2016-05-17 21:02:30,134.0
50.0,2018-04-10 15:36:12,134.0
25.0,2017-07-31 18:04:45,134.0
50.0,2016-07-01 17:45:03,134.0
25.0,2017-09-17 17:43:15,134.0
25.0,2015-04-25 16:00:15,134.0
25.0,2017-10-17 19:48:02,134.0
25.0,2018-01-11 22:26:01,134.0
50.0,2018-02-27 16:06:40,134.0
25.0,2016-07-18 12:40:49,134.0
50.0,2018-03-21 11:33:50,134.0
25.0,2017-11-29 17:55:39,134.0
25.0,2017-05-21 20:21:34,134.0
50.0,2017-08-21 11:43:20,134.0
25.0,2017-06-05 21:54:29,134.0
25.0,2017-03-31 19:38:18,134.0
50.0,2016-12-14 16:25:56,134.0
25.0,2016-03-31 16:52:10,134.0
25.0,2016-10-22 14:23:36,134.0
25.0,2015-02-11 20:47:34,134.0
100.0,2016-04-12 13:36:04,135.0
100.0,2016-02-26 17:01:52,135.0
250.0,2015-06-13 20:57:45,135.0
100.0,2015-06-07 19:53:32,135.0
100.0,2017-04-07 21:05:41,135.0
250.0,2018-05-12 15:02:53,135.0
100.0,2018-04-19 20:39:27,135.0
100.0,2016-10-21 18:19:08,135.0
250.0,2016-07-09 16:52:20,135.0
100.0,2015-04-15 16:36:59,135.0
250.0,2016-05-18 17:22:23,135.0
250.0,2016-04-20 17:07:10,135.0
250.0,2017-10-24 15:46:38,135.0
100.0,2017-09-23 19:01:36,135.0
250.0,2018-03-24 18:24:41,135.0
100.0,2017-06-13 14:15:09,135.0
50.0,2016-02-03 13:25:16,137.0
25.0,2017-02-26 19:40:22,137.0
50.0,2017-04-25 17:46:02,137.0
25.0,2016-09-17 19:47:11,137.0
25.0,2017-12-04 15:15:04,137.0
50.0,2016-11-06 11:11:15,137.0
50.0,2018-02-17 13:07:14,139.0
25.0,2018-04-15 21:42:05,139.0
1500.0,2016-10-09 11:59:04,144.0
1500.0,2017-04-13 17:35:08,144.0
1500.0,2017-03-30 20:59:33,144.0
1500.0,2018-02-16 13:38:54,144.0
1500.0,2017-12-21 13:17:59,144.0
1500.0,2017-07-23 19:33:18,144.0
2000.0,2016-04-28 21:19:56,144.0
2000.0,2016-11-11 15:18:01,144.0
1500.0,2017-12-05 20:37:08,144.0
50.0,2017-11-12 21:59:01,145.0
25.0,2018-01-15 14:12:36,145.0
50.0,2018-05-11 21:27:49,145.0
50.0,2017-06-01 18:17:04,145.0
25.0,2017-08-10 16:26:44,145.0
50.0,2017-09-25 19:08:33,146.0
50.0,2016-04-03 11:28:04,146.0
50.0,2018-02-15 18:44:50,146.0
75.0,2016-01-07 18:42:15,146.0
50.0,2018-05-02 11:46:21,146.0
50.0,2016-01-14 15:40:22,146.0
75.0,2018-02-22 19:11:32,146.0
75.0,2015-12-31 22:58:11,146.0
50.0,2017-04-15 15:19:06,146.0
50.0,2017-01-14 12:41:25,149.0
50.0,2017-06-29 16:17:56,149.0
50.0,2017-04-17 16:16:22,151.0
50.0,2017-03-13 13:48:32,151.0
50.0,2017-03-11 13:27:01,151.0
50.0,2015-04-25 14:12:06,151.0
50.0,2017-01-10 14:19:46,151.0
50.0,2017-06-14 11:37:40,151.0
50.0,2016-03-26 20:25:23,151.0
50.0,2016-05-12 16:47:25,151.0
50.0,2015-07-31 11:40:28,151.0
25.0,2016-10-22 11:52:50,152.0
50.0,2018-04-22 18:45:48,152.0
25.0,2017-10-09 20:57:54,153.0
50.0,2017-02-06 14:57:26,153.0
25.0,2017-09-03 19:45:06,153.0
50.0,2017-11-29 17:21:47,153.0
75.0,2016-05-12 21:05:42,155.0
100.0,2017-07-04 15:35:37,155.0
100.0,2017-01-14 12:18:34,155.0
75.0,2017-12-16 12:58:30,155.0
75.0,2015-06-14 22:28:45,155.0
75.0,2017-05-21 13:41:43,155.0
100.0,2018-05-07 16:07:02,155.0
75.0,2016-09-11 14:53:21,155.0
100.0,2017-09-26 12:25:53,155.0
75.0,2017-08-04 14:09:52,155.0
75.0,2016-01-12 11:21:52,155.0
75.0,2017-10-10 20:10:25,155.0
25.0,2018-05-30 14:51:59,158.0
25.0,2015-12-16 11:30:08,159.0
50.0,2015-10-14 21:30:06,159.0
25.0,2016-04-11 14:36:50,159.0
25.0,2015-12-05 17:11:34,159.0
50.0,2017-04-19 17:14:09,159.0
25.0,2016-08-31 18:38:24,159.0
500.0,2017-12-22 11:34:02,160.0
500.0,2018-03-23 19:44:22,160.0
50.0,2017-11-23 14:00:30,162.0
50.0,2017-07-07 21:20:46,163.0
50.0,2017-10-08 12:10:45,165.0
50.0,2017-10-14 20:21:56,166.0
25.0,2018-01-06 14:13:17,166.0
25.0,2018-02-18 20:39:14,166.0
50.0,2018-01-02 11:51:42,168.0
25.0,2017-08-10 18:32:19,168.0
25.0,2017-08-18 13:21:46,168.0
25.0,2017-12-29 22:42:59,169.0
25.0,2017-11-07 21:13:25,169.0
50.0,2018-05-09 22:38:33,169.0
50.0,2018-01-20 18:09:16,170.0
75.0,2017-10-16 16:57:23,170.0
50.0,2017-09-05 15:16:48,170.0
50.0,2018-05-17 14:56:44,170.0
50.0,2017-09-13 22:01:00,170.0
25.0,2017-06-15 14:49:29,174.0
25.0,2015-02-11 13:46:22,174.0
25.0,2016-04-04 19:17:21,174.0
25.0,2015-05-26 19:22:28,174.0
50.0,2017-10-16 15:09:09,174.0
25.0,2017-12-27 17:41:05,174.0
25.0,2016-03-09 14:54:24,174.0
25.0,2017-04-18 14:37:15,174.0
50.0,2017-01-18 17:50:30,174.0
25.0,2016-08-22 18:23:29,174.0
25.0,2015-11-11 21:18:35,174.0
25.0,2017-10-18 16:40:15,174.0
50.0,2016-08-31 22:39:13,175.0
25.0,2017-12-20 20:20:50,175.0
25.0,2015-10-22 12:00:44,175.0
25.0,2017-12-29 19:42:50,175.0
25.0,2015-10-04 13:33:12,175.0
25.0,2016-09-02 21:37:52,175.0
25.0,2017-05-04 11:57:43,175.0
50.0,2016-03-12 13:35:59,175.0
50.0,2017-08-04 18:37:01,175.0
25.0,2017-08-01 19:51:44,175.0
50.0,2016-04-24 17:10:54,175.0
25.0,2016-10-25 13:47:53,175.0
25.0,2018-04-28 14:22:34,177.0
25.0,2018-02-14 11:00:48,177.0
25.0,2016-05-03 12:27:35,177.0
50.0,2015-05-27 16:47:53,177.0
50.0,2018-04-17 11:45:55,177.0
25.0,2018-05-19 17:56:23,177.0
25.0,2018-04-18 20:32:28,177.0
25.0,2017-07-20 14:51:24,177.0
25.0,2016-02-15 20:56:06,177.0
25.0,2015-04-02 20:36:37,177.0
25.0,2017-06-02 13:31:34,177.0
25.0,2016-11-29 21:54:15,177.0
25.0,2017-08-01 11:40:09,177.0
25.0,2018-03-21 14:39:39,177.0
25.0,2016-03-12 18:55:54,177.0
25.0,2015-06-23 20:53:30,177.0
1500.0,2018-04-24 12:16:23,179.0
1000.0,2018-03-17 22:12:10,179.0
100.0,2016-05-24 21:42:31,180.0
100.0,2018-02-15 17:45:52,180.0
100.0,2016-11-24 21:45:30,180.0
100.0,2017-01-26 13:46:27,180.0
100.0,2017-12-01 21:22:13,180.0
100.0,2015-11-30 11:55:27,180.0
50.0,2018-03-20 22:49:28,181.0
50.0,2017-11-08 17:06:36,181.0
50.0,2018-04-20 21:23:54,181.0
25.0,2018-01-05 15:13:29,187.0
25.0,2018-04-11 20:08:35,187.0
50.0,2018-04-09 13:30:57,187.0
50.0,2016-10-09 18:57:14,188.0
50.0,2017-02-02 17:51:34,188.0
50.0,2016-09-22 14:22:17,188.0
50.0,2016-10-03 21:50:24,188.0
25.0,2018-05-14 13:25:42,192.0
50.0,2016-06-23 18:39:36,192.0
25.0,2017-09-25 13:19:31,192.0
25.0,2018-04-03 11:53:07,192.0
25.0,2017-10-08 11:08:31,192.0
50.0,2016-12-17 13:51:31,192.0
25.0,2017-06-03 15:36:43,192.0
25.0,2015-09-01 14:40:07,192.0
25.0,2016-02-02 15:37:44,192.0
25.0,2018-05-01 16:14:10,192.0
50.0,2016-05-25 11:24:38,192.0
50.0,2016-02-13 19:49:08,192.0
50.0,2017-11-26 20:31:07,196.0
25.0,2018-04-10 12:49:00,197.0
50.0,2017-10-29 21:57:54,197.0
25.0,2015-10-13 20:28:17,197.0
25.0,2016-12-20 13:44:28,197.0
25.0,2017-10-25 17:45:18,197.0
25.0,2017-03-13 18:22:28,197.0
1500.0,2018-05-04 14:42:20,199.0
25.0,2017-12-11 15:05:07,200.0
50.0,2018-01-02 22:45:49,200.0
25.0,2017-06-24 15:48:38,200.0
1000.0,2018-04-13 19:04:31,201.0
500.0,2017-06-14 15:41:46,201.0
1000.0,2017-04-17 21:29:00,202.0
1000.0,2016-07-08 15:27:26,202.0
1000.0,2017-05-06 13:25:59,202.0
1500.0,2018-03-14 11:52:45,202.0
25.0,2017-04-22 11:30:18,204.0
25.0,2018-01-13 16:34:12,204.0
25.0,2018-01-19 17:05:29,205.0
25.0,2017-08-03 21:53:56,205.0
25.0,2017-12-20 16:29:23,206.0
1500.0,2018-01-25 16:13:38,207.0
1500.0,2017-08-17 20:59:21,207.0
2000.0,2015-03-14 20:29:34,207.0
1500.0,2015-12-29 19:48:12,207.0
2000.0,2016-08-15 18:58:54,207.0
2000.0,2018-03-02 14:20:53,207.0
1500.0,2018-04-17 13:10:20,207.0
2000.0,2018-03-14 15:46:27,207.0
1000.0,2017-09-27 14:52:56,208.0
250.0,2017-08-09 13:06:13,211.0
250.0,2018-02-15 20:56:52,211.0
500.0,2018-03-15 21:56:02,211.0
250.0,2016-06-23 20:31:32,211.0
250.0,2016-09-07 20:06:35,211.0
250.0,2016-03-06 16:26:27,211.0
250.0,2017-05-11 20:19:17,211.0
250.0,2017-05-06 12:09:46,211.0
500.0,2016-03-01 18:11:05,211.0
250.0,2016-07-27 14:22:48,211.0
250.0,2015-12-19 22:39:10,211.0
250.0,2015-12-31 20:22:54,211.0
250.0,2016-08-06 22:02:50,211.0
250.0,2017-09-23 16:07:46,211.0
250.0,2017-10-03 18:13:20,211.0
500.0,2017-12-19 19:06:38,211.0
500.0,2015-11-20 22:59:04,211.0
250.0,2016-06-08 21:14:39,211.0
500.0,2018-01-11 15:28:19,212.0
25.0,2015-10-17 14:49:03,213.0
50.0,2017-12-12 15:19:56,213.0
50.0,2016-12-19 22:44:54,213.0
25.0,2017-07-31 16:46:15,213.0
50.0,2018-05-06 12:42:26,213.0
25.0,2016-05-22 12:27:10,213.0
50.0,2018-02-15 14:52:58,214.0
50.0,2017-05-06 21:32:12,214.0
50.0,2017-07-20 13:52:32,214.0
25.0,2017-04-16 17:20:48,214.0
25.0,2017-07-07 21:23:19,214.0
25.0,2016-02-10 21:18:36,214.0
25.0,2015-06-13 15:12:05,214.0
50.0,2016-01-21 11:37:53,214.0
25.0,2017-10-11 15:55:23,217.0
25.0,2017-07-02 20:52:01,217.0
25.0,2018-01-01 22:46:49,217.0
25.0,2017-07-28 20:24:48,217.0
50.0,2017-06-11 22:01:19,217.0
25.0,2018-03-08 16:17:56,217.0
25.0,2017-06-04 21:11:59,217.0
25.0,2017-05-18 22:26:46,217.0
25.0,2017-03-02 11:14:54,217.0
25.0,2017-10-24 17:13:27,217.0
25.0,2017-11-06 22:19:34,218.0
50.0,2016-08-15 14:00:09,220.0
25.0,2017-05-16 11:01:39,220.0
25.0,2016-12-02 14:57:42,220.0
25.0,2016-09-27 12:16:17,220.0
25.0,2018-03-29 20:53:18,220.0
50.0,2016-12-06 16:06:32,220.0
25.0,2016-05-11 12:55:21,220.0
25.0,2015-07-21 15:23:29,220.0
25.0,2015-05-25 17:18:46,220.0
50.0,2018-01-08 14:44:27,220.0
50.0,2017-03-17 17:19:40,220.0
25.0,2016-02-11 22:16:33,220.0
50.0,2017-02-07 20:53:07,220.0
25.0,2018-01-16 13:06:30,220.0
25.0,2017-05-03 18:42:00,220.0
50.0,2015-05-30 12:10:26,220.0
25.0,2017-04-12 21:49:04,221.0
50.0,2015-11-18 13:13:14,221.0
25.0,2016-06-14 16:48:55,221.0
25.0,2016-09-15 22:55:31,221.0
50.0,2016-01-20 18:42:05,221.0
50.0,2018-04-05 22:07:59,221.0
25.0,2017-07-28 18:20:33,222.0
100.0,2017-05-16 15:23:14,224.0
100.0,2017-11-13 19:52:16,224.0
100.0,2018-03-27 19:27:47,224.0
250.0,2018-01-31 12:29:40,226.0
500.0,2018-01-07 19:51:00,226.0
250.0,2018-06-02 13:13:14,226.0
50.0,2015-12-22 21:34:26,227.0
50.0,2016-02-08 14:39:34,227.0
25.0,2017-10-08 21:31:45,227.0
50.0,2018-03-01 18:54:38,231.0
25.0,2017-08-08 12:17:37,231.0
75.0,2018-01-10 22:27:17,232.0
75.0,2016-11-01 20:30:22,232.0
50.0,2017-08-23 15:47:37,234.0
25.0,2016-11-13 12:01:52,236.0
25.0,2017-03-16 12:35:58,236.0
50.0,2017-07-26 21:21:07,236.0
50.0,2017-02-10 20:49:08,236.0
25.0,2017-08-31 11:36:20,236.0
50.0,2016-05-13 16:21:41,236.0
50.0,2015-02-18 12:47:37,236.0
25.0,2015-06-05 14:29:53,236.0
25.0,2015-03-03 11:32:15,236.0
50.0,2015-09-14 13:58:24,236.0
25.0,2017-12-22 17:04:37,236.0
25.0,2017-06-13 14:41:03,236.0
25.0,2016-01-23 17:32:19,236.0
50.0,2016-04-09 11:31:18,236.0
50.0,2015-05-09 22:48:17,236.0
25.0,2016-08-24 16:03:50,236.0
25.0,2017-08-24 17:41:37,237.0
25.0,2017-05-11 12:41:55,237.0
25.0,2017-01-20 12:57:51,237.0
25.0,2018-01-09 21:22:12,237.0
25.0,2017-06-29 20:57:24,237.0
25.0,2017-03-13 21:27:05,237.0
1000.0,2017-12-01 13:09:21,238.0
1000.0,2016-12-27 14:34:04,238.0
1000.0,2017-10-10 17:26:05,238.0
1000.0,2017-07-05 12:27:49,238.0
1000.0,2017-06-10 12:44:33,238.0
1500.0,2018-03-04 17:13:06,238.0
100.0,2017-12-30 17:05:12,239.0
100.0,2018-04-09 15:06:16,239.0
100.0,2017-09-08 11:13:05,240.0
250.0,2017-05-15 14:28:25,240.0
100.0,2017-07-11 21:13:30,240.0
250.0,2017-02-26 17:16:19,240.0
250.0,2018-01-29 20:24:15,241.0
100.0,2018-04-16 20:11:29,241.0
100.0,2017-12-16 22:53:12,241.0
250.0,2017-11-28 16:09:37,241.0
50.0,2017-10-15 21:45:20,243.0
25.0,2018-05-02 15:00:55,243.0
50.0,2018-05-11 19:56:38,245.0
25.0,2018-02-05 19:03:22,245.0
1000.0,2017-07-16 20:09:09,246.0
500.0,2018-05-28 19:35:20,246.0
500.0,2018-05-18 17:31:56,247.0
1000.0,2018-01-03 11:09:45,247.0
75.0,2017-09-04 19:12:37,249.0
75.0,2018-01-03 21:57:00,249.0
50.0,2017-11-07 14:20:52,249.0
25.0,2017-10-01 17:20:48,250.0
25.0,2018-04-02 19:33:02,256.0
25.0,2018-01-24 13:20:42,256.0
25.0,2017-12-31 19:44:28,256.0
25.0,2017-11-20 15:32:51,258.0
25.0,2018-04-23 14:40:21,258.0
50.0,2017-11-11 14:18:44,258.0
25.0,2018-03-22 22:42:25,259.0
50.0,2018-04-06 21:26:38,259.0
25.0,2018-02-02 14:16:47,259.0
25.0,2018-03-12 12:22:00,259.0
25.0,2017-12-15 11:38:06,260.0
50.0,2017-10-13 15:35:13,260.0
50.0,2018-05-26 18:10:12,260.0
25.0,2017-10-21 19:12:34,260.0
50.0,2018-03-12 16:24:31,261.0
25.0,2018-04-27 11:46:13,261.0
50.0,2017-12-20 12:58:25,262.0
25.0,2018-03-16 17:17:33,262.0
75.0,2017-08-14 15:29:37,264.0
75.0,2017-08-09 22:42:26,264.0
75.0,2017-12-13 18:59:50,264.0
25.0,2017-07-25 11:14:07,268.0
25.0,2018-01-19 11:47:25,268.0
25.0,2018-01-24 14:29:57,268.0
500.0,2017-04-04 16:16:46,269.0
500.0,2017-08-29 18:01:26,269.0
500.0,2016-01-10 14:32:27,269.0
500.0,2017-10-08 22:09:57,269.0
1000.0,2017-08-16 22:47:26,269.0
500.0,2015-11-20 12:43:46,269.0
500.0,2015-11-08 11:44:56,269.0
500.0,2015-10-25 13:57:55,269.0
25.0,2015-12-24 12:03:11,270.0
50.0,2017-01-18 18:14:57,270.0
25.0,2015-07-25 18:08:50,270.0
50.0,2018-02-17 15:33:14,270.0
25.0,2017-03-01 11:35:49,273.0
25.0,2017-07-05 16:18:07,273.0
25.0,2017-09-06 17:04:25,273.0
50.0,2017-01-20 18:26:47,274.0
25.0,2017-06-05 11:23:14,274.0
25.0,2018-03-14 12:44:10,274.0
50.0,2016-05-13 13:46:38,274.0
25.0,2016-10-31 15:17:32,274.0
25.0,2016-12-31 21:48:44,274.0
50.0,2018-01-31 21:12:16,274.0
25.0,2017-09-10 14:36:27,274.0
25.0,2017-10-22 16:46:24,274.0
50.0,2018-04-06 21:00:54,276.0
50.0,2017-11-13 17:17:43,276.0
75.0,2017-12-29 18:32:50,276.0
25.0,2017-04-23 18:42:12,277.0
25.0,2017-06-13 11:37:46,277.0
25.0,2015-12-05 18:48:36,277.0
50.0,2018-01-18 21:00:54,277.0
25.0,2015-11-24 18:54:52,277.0
50.0,2017-01-21 16:28:23,277.0
25.0,2015-10-16 20:47:47,278.0
50.0,2016-11-04 13:52:45,278.0
25.0,2015-03-18 21:19:06,278.0
25.0,2016-09-15 15:10:27,278.0
25.0,2016-02-02 12:32:18,278.0
25.0,2016-12-29 17:00:24,278.0
50.0,2016-12-25 13:03:18,278.0
25.0,2016-08-26 14:16:25,278.0
25.0,2017-06-08 13:29:37,279.0
25.0,2018-03-12 15:28:59,279.0
25.0,2017-09-28 21:13:55,279.0
25.0,2017-08-12 13:17:04,279.0
50.0,2018-02-27 19:34:13,280.0
50.0,2018-04-12 22:50:24,280.0
50.0,2018-02-10 22:05:26,280.0
25.0,2017-06-08 20:52:34,280.0
25.0,2017-09-20 20:59:30,280.0
25.0,2017-06-04 17:56:19,280.0
25.0,2015-04-02 19:55:36,283.0
25.0,2015-11-25 15:22:08,283.0
25.0,2015-10-10 21:03:41,283.0
25.0,2016-05-22 21:25:51,283.0
500.0,2018-05-12 13:32:18,284.0
500.0,2016-06-10 12:09:25,284.0
500.0,2017-02-10 20:49:21,284.0
500.0,2018-02-14 12:47:29,284.0
500.0,2018-02-16 14:38:04,284.0
1000.0,2017-01-28 14:09:13,284.0
500.0,2017-03-01 12:15:11,284.0
500.0,2017-05-26 14:56:02,284.0
500.0,2016-02-22 20:17:39,284.0
500.0,2017-10-17 13:03:53,284.0
25.0,2017-02-11 22:49:57,286.0
25.0,2018-02-02 21:31:52,286.0
25.0,2017-04-19 16:45:31,290.0
50.0,2018-01-24 13:41:32,290.0
500.0,2017-02-20 22:56:57,295.0
500.0,2017-05-07 11:14:29,295.0
500.0,2018-04-19 16:31:42,295.0
500.0,2017-12-27 20:54:40,295.0
25.0,2017-07-01 11:00:29,298.0
50.0,2018-04-13 13:41:15,298.0
25.0,2016-12-29 21:56:00,298.0
25.0,2017-04-13 21:04:31,298.0
1000.0,2015-12-18 19:40:10,299.0
1500.0,2017-05-30 12:05:09,299.0
1000.0,2015-08-31 16:24:18,299.0
1000.0,2017-06-05 18:13:21,299.0
1500.0,2015-08-06 13:55:42,299.0
1000.0,2018-03-29 12:44:03,299.0
1000.0,2017-03-04 12:20:37,299.0
1500.0,2016-07-20 22:13:50,299.0
1000.0,2015-10-22 17:30:40,299.0
1000.0,2017-09-03 16:39:13,299.0
1000.0,2018-05-10 16:10:00,299.0
1500.0,2016-10-22 20:23:29,299.0
25.0,2017-10-27 18:34:25,300.0
25.0,2017-11-16 16:21:47,300.0
25.0,2016-01-04 14:35:41,304.0
25.0,2017-12-06 22:26:27,304.0
25.0,2018-03-02 15:48:19,304.0
25.0,2015-11-08 20:11:38,304.0
50.0,2018-02-16 18:37:28,304.0
25.0,2015-10-29 17:20:41,304.0
100.0,2018-05-29 16:28:59,306.0
250.0,2017-11-20 16:48:36,306.0
100.0,2017-09-08 12:13:16,306.0
250.0,2017-12-03 16:32:16,306.0
500.0,2018-01-05 11:27:10,307.0
250.0,2016-11-06 13:53:11,307.0
250.0,2017-12-08 19:53:46,307.0
500.0,2018-04-23 18:03:05,307.0
25.0,2018-05-15 13:15:10,308.0
25.0,2018-05-19 16:29:51,308.0
75.0,2016-11-27 15:03:27,309.0
75.0,2016-12-13 21:53:06,309.0
100.0,2017-01-30 13:08:54,309.0
75.0,2018-03-29 19:00:02,309.0
75.0,2017-04-11 18:43:39,309.0
75.0,2017-05-29 14:43:47,309.0
25.0,2017-08-02 20:46:08,312.0
25.0,2017-09-17 11:34:19,312.0
25.0,2018-05-11 11:29:58,313.0
25.0,2017-09-16 15:49:51,313.0
25.0,2017-11-22 19:12:58,313.0
50.0,2018-05-03 15:27:37,313.0
25.0,2017-10-19 11:46:42,313.0
50.0,2018-01-24 11:11:30,313.0
25.0,2017-06-19 15:22:25,316.0
50.0,2016-09-03 18:06:42,316.0
25.0,2017-11-13 20:17:41,316.0
25.0,2018-04-18 20:49:52,316.0
25.0,2017-04-21 22:14:20,316.0
25.0,2015-05-23 21:05:22,316.0
25.0,2018-04-05 17:47:48,316.0
25.0,2017-08-23 22:33:38,316.0
25.0,2018-01-09 12:11:53,317.0
25.0,2015-08-08 11:36:49,317.0
25.0,2016-04-21 11:56:53,317.0
50.0,2018-05-23 13:30:19,317.0
50.0,2016-04-20 12:25:41,317.0
25.0,2016-08-29 21:43:47,317.0
25.0,2018-03-20 22:08:18,317.0
50.0,2017-10-26 12:25:45,317.0
25.0,2016-01-09 19:08:59,317.0
50.0,2017-09-11 12:32:33,318.0
25.0,2018-01-22 11:25:03,318.0
50.0,2018-05-31 14:48:35,319.0
25.0,2017-03-04 11:29:49,319.0
25.0,2015-10-29 18:42:39,319.0
50.0,2016-10-07 22:19:24,321.0
25.0,2016-12-13 15:11:37,321.0
50.0,2017-07-30 15:07:10,321.0
25.0,2016-12-05 12:47:32,321.0
25.0,2016-05-20 17:13:45,321.0
25.0,2016-06-20 20:00:45,321.0
25.0,2018-02-04 12:28:12,323.0
25.0,2017-07-09 18:16:06,323.0
50.0,2018-05-19 13:20:23,323.0
75.0,2017-01-20 22:36:09,324.0
100.0,2017-08-31 19:42:00,324.0
100.0,2016-11-14 15:14:33,324.0
75.0,2018-03-25 18:48:45,324.0
25.0,2016-06-30 16:37:07,326.0
50.0,2017-03-29 12:18:53,326.0
25.0,2017-02-03 15:49:31,326.0
25.0,2017-08-19 14:02:54,326.0
50.0,2016-05-27 16:20:01,326.0
50.0,2017-07-31 21:31:55,326.0
50.0,2017-08-09 22:53:33,326.0
25.0,2017-02-15 20:25:43,326.0
50.0,2018-02-05 13:15:44,326.0
25.0,2016-05-09 21:22:31,326.0
50.0,2017-02-02 14:00:15,326.0
25.0,2017-02-20 21:14:51,326.0
25.0,2015-10-28 12:44:09,326.0
25.0,2017-09-13 11:38:58,326.0
50.0,2018-01-02 12:04:27,326.0
500.0,2016-11-11 12:37:12,328.0
1000.0,2016-06-13 14:00:35,328.0
25.0,2015-08-28 18:49:23,330.0
25.0,2015-09-25 20:26:39,330.0
25.0,2017-07-16 18:52:47,330.0
25.0,2016-07-02 19:37:11,330.0
25.0,2017-02-23 19:57:12,330.0
25.0,2015-02-13 11:03:55,330.0
25.0,2016-01-26 13:36:12,330.0
25.0,2016-06-15 21:20:02,330.0
50.0,2015-04-01 11:03:50,330.0
25.0,2017-08-20 12:24:16,331.0
25.0,2018-03-19 20:25:23,331.0
25.0,2017-05-19 13:38:50,331.0
50.0,2017-11-30 17:28:05,332.0
50.0,2017-03-29 12:02:33,332.0
25.0,2017-07-24 12:40:44,332.0
25.0,2017-07-25 15:42:07,332.0
50.0,2016-05-31 15:32:13,332.0
25.0,2017-10-05 12:15:50,332.0
50.0,2015-10-01 14:13:12,333.0
25.0,2017-10-14 12:06:44,333.0
50.0,2015-03-10 22:05:02,333.0
25.0,2016-12-16 12:22:56,333.0
50.0,2016-11-21 13:31:39,333.0
25.0,2017-12-18 19:32:18,333.0
25.0,2016-08-20 11:53:25,333.0
50.0,2017-02-02 21:33:22,333.0
25.0,2016-10-16 19:46:32,336.0
25.0,2017-03-26 19:16:48,336.0
50.0,2015-12-26 20:04:39,336.0
50.0,2017-09-11 15:28:26,336.0
25.0,2017-12-09 13:12:59,336.0
50.0,2018-03-12 16:20:55,336.0
50.0,2018-06-01 17:58:08,338.0
25.0,2017-08-26 22:15:20,338.0
25.0,2018-01-26 12:38:12,341.0
25.0,2018-03-02 13:08:33,341.0
50.0,2017-12-29 21:08:40,343.0
100.0,2017-09-24 20:50:38,345.0
75.0,2016-05-23 13:55:28,345.0
75.0,2017-02-22 18:55:18,345.0
75.0,2017-05-01 22:58:46,345.0
75.0,2015-12-01 22:26:06,345.0
75.0,2018-01-16 13:53:32,345.0
75.0,2016-01-02 17:44:55,345.0
75.0,2017-02-13 16:43:24,345.0
100.0,2016-08-07 12:33:26,345.0
75.0,2016-06-10 11:17:43,345.0
75.0,2017-05-04 20:15:43,345.0
75.0,2017-12-28 16:23:10,345.0
75.0,2017-08-06 21:54:55,345.0
75.0,2016-06-02 12:08:00,345.0
75.0,2015-10-13 14:03:42,345.0
25.0,2018-03-24 21:19:26,348.0
75.0,2015-04-20 21:15:41,349.0
75.0,2016-07-14 22:29:46,349.0
50.0,2017-03-08 15:51:45,349.0
50.0,2017-04-03 12:07:15,349.0
50.0,2018-04-27 19:38:41,349.0
50.0,2017-10-14 21:53:16,349.0
50.0,2016-11-08 15:12:37,349.0
50.0,2017-12-27 14:53:36,349.0
25.0,2017-12-11 16:24:36,351.0
25.0,2018-04-06 12:29:48,352.0
25.0,2017-11-11 17:12:41,354.0
25.0,2018-03-11 15:49:31,354.0
25.0,2017-04-14 22:32:16,355.0
50.0,2017-06-03 12:38:00,355.0
25.0,2017-12-24 14:44:01,355.0
25.0,2017-06-06 15:07:54,355.0
50.0,2017-08-16 22:07:26,355.0
25.0,2016-12-04 11:46:22,355.0
50.0,2017-08-20 17:19:13,355.0
50.0,2018-05-13 12:02:42,355.0
50.0,2017-01-23 14:18:09,355.0
25.0,2017-07-15 12:31:44,355.0
25.0,2018-02-11 22:47:58,358.0
25.0,2018-04-20 14:17:56,358.0
100.0,2017-07-21 14:12:46,359.0
100.0,2017-11-23 13:05:59,359.0
250.0,2018-04-24 22:10:40,359.0
250.0,2016-07-30 12:27:30,359.0
250.0,2015-04-12 18:23:30,359.0
100.0,2016-12-06 13:47:27,359.0
250.0,2018-03-11 16:44:17,359.0
250.0,2017-02-02 15:53:35,359.0
100.0,2016-02-29 11:15:59,359.0
100.0,2017-01-23 22:26:38,359.0
250.0,2018-02-26 22:44:33,359.0
250.0,2015-12-04 16:04:35,359.0
100.0,2015-12-31 19:54:59,359.0
100.0,2018-05-24 22:17:48,359.0
100.0,2018-01-17 20:15:37,359.0
250.0,2015-03-27 17:29:12,359.0
1500.0,2016-08-07 22:56:11,360.0
1500.0,2016-09-08 11:53:25,360.0
1500.0,2017-05-05 16:33:59,360.0
1000.0,2017-07-22 22:50:48,360.0
1000.0,2017-05-01 22:51:33,360.0
1000.0,2017-10-30 17:07:56,360.0
1500.0,2017-10-08 16:05:45,360.0
1000.0,2016-10-26 13:30:20,360.0
1500.0,2017-02-07 13:25:12,360.0
1500.0,2017-05-16 15:05:16,360.0
25.0,2017-02-16 22:31:57,362.0
25.0,2018-01-14 17:21:44,362.0
25.0,2018-02-12 22:56:14,369.0
50.0,2016-03-14 22:33:02,369.0
25.0,2016-07-07 21:28:08,369.0
25.0,2016-01-07 13:39:58,369.0
50.0,2018-02-28 21:28:14,369.0
25.0,2017-07-24 11:26:08,369.0
25.0,2016-10-15 21:37:10,369.0
50.0,2016-02-14 13:24:33,369.0
25.0,2018-03-27 14:33:05,369.0
50.0,2016-02-04 14:16:40,369.0
25.0,2017-12-25 17:24:16,369.0
50.0,2015-09-04 16:30:53,369.0
25.0,2016-02-18 13:22:54,369.0
25.0,2017-05-28 20:35:51,369.0
25.0,2017-10-22 21:47:41,369.0
50.0,2016-08-30 11:04:35,369.0
50.0,2018-01-01 16:40:55,369.0
25.0,2015-08-08 11:01:17,369.0
25.0,2015-04-01 16:17:37,369.0
50.0,2015-06-02 15:26:14,369.0
250.0,2016-01-11 17:11:22,372.0
250.0,2015-12-26 14:08:49,372.0
250.0,2017-01-23 21:28:58,372.0
50.0,2016-03-23 22:15:00,375.0
75.0,2018-03-16 11:47:29,375.0
50.0,2016-01-27 21:53:06,375.0
50.0,2016-07-24 14:26:52,375.0
50.0,2017-07-19 12:00:41,375.0
50.0,2016-06-22 21:39:32,375.0
50.0,2017-07-06 11:51:40,375.0
50.0,2016-12-30 15:39:44,375.0
75.0,2018-04-18 21:58:10,376.0
100.0,2017-09-24 17:59:56,379.0
100.0,2017-08-31 18:29:06,379.0
250.0,2017-11-28 22:17:15,379.0
500.0,2017-03-12 16:16:47,380.0
500.0,2017-12-11 16:51:45,380.0
1000.0,2017-05-19 17:03:05,380.0
500.0,2017-02-15 13:54:13,380.0
500.0,2017-02-26 16:45:19,380.0
500.0,2017-07-09 21:36:43,380.0
25.0,2018-05-29 18:35:52,382.0
50.0,2017-11-09 21:53:22,382.0
25.0,2017-10-17 12:08:34,382.0
25.0,2017-10-06 16:16:35,383.0
250.0,2018-04-12 16:44:14,384.0
250.0,2018-04-08 15:52:18,384.0
50.0,2016-05-06 14:59:52,386.0
50.0,2017-02-22 19:22:31,386.0
25.0,2017-08-07 17:32:33,386.0
50.0,2015-04-08 14:57:46,386.0
25.0,2017-06-30 16:22:46,386.0
25.0,2016-12-02 19:26:13,386.0
25.0,2017-07-30 21:23:33,386.0
25.0,2015-11-13 11:51:08,386.0
25.0,2015-11-30 11:39:12,386.0
1000.0,2018-05-02 17:56:34,388.0
500.0,2017-07-13 18:50:02,388.0
1000.0,2017-10-05 11:53:35,388.0
500.0,2017-10-20 21:17:17,390.0
1000.0,2016-02-07 14:13:10,390.0
500.0,2016-01-21 21:37:10,390.0
500.0,2016-09-15 14:31:38,390.0
500.0,2015-09-02 16:15:13,390.0
500.0,2015-04-17 19:59:02,390.0
1000.0,2018-02-20 15:10:03,390.0
1000.0,2017-09-03 12:46:26,390.0
500.0,2015-08-02 22:23:37,390.0
500.0,2017-12-24 20:31:50,390.0
500.0,2016-12-21 18:58:51,390.0
500.0,2015-05-03 12:54:14,390.0
500.0,2016-01-12 21:51:59,390.0
500.0,2018-05-15 20:31:02,390.0
500.0,2016-08-18 18:30:51,390.0
500.0,2017-06-09 21:49:56,390.0
1000.0,2016-08-14 11:11:41,390.0
1000.0,2016-01-17 21:17:31,390.0
1000.0,2016-12-07 21:55:16,390.0
500.0,2015-02-23 12:28:27,390.0
500.0,2015-09-22 20:15:17,390.0
500.0,2017-01-05 17:40:26,390.0
1000.0,2016-01-23 19:41:46,390.0
1000.0,2016-12-20 14:11:03,390.0
50.0,2018-04-19 18:36:55,391.0
75.0,2017-05-11 12:12:37,391.0
50.0,2017-04-22 14:31:20,391.0
50.0,2018-03-18 18:01:49,391.0
25.0,2017-05-09 17:10:13,392.0
50.0,2018-05-12 13:49:49,392.0
25.0,2016-07-01 19:52:51,392.0
25.0,2018-03-18 22:27:12,392.0
25.0,2016-05-25 15:52:36,392.0
25.0,2018-05-13 14:34:13,392.0
25.0,2017-04-01 18:04:16,393.0
25.0,2018-04-13 14:48:18,393.0
25.0,2017-10-02 22:44:50,393.0
25.0,2017-11-18 13:52:47,393.0
25.0,2018-04-22 15:03:39,394.0
50.0,2017-11-10 18:36:38,394.0
25.0,2016-08-29 19:47:00,396.0
25.0,2016-04-28 20:43:30,396.0
25.0,2015-10-07 21:49:21,396.0
50.0,2017-11-12 22:01:20,396.0
50.0,2018-01-13 21:40:50,396.0
25.0,2016-04-26 19:21:55,396.0
25.0,2015-06-28 20:10:30,396.0
25.0,2016-08-10 15:20:57,396.0
25.0,2017-09-07 20:08:12,397.0
25.0,2015-12-15 11:37:15,398.0
25.0,2018-02-21 12:11:17,398.0
50.0,2015-08-25 15:08:43,398.0
25.0,2016-05-21 11:31:50,398.0
50.0,2016-07-21 18:18:36,398.0
50.0,2016-11-13 15:49:30,398.0
25.0,2017-09-07 12:37:44,398.0
25.0,2015-05-05 21:53:15,398.0
50.0,2015-08-26 18:01:36,398.0
50.0,2016-06-25 22:33:23,398.0
50.0,2016-08-26 16:48:30,398.0
25.0,2015-05-17 21:27:30,398.0
1500.0,2015-09-03 11:13:57,399.0
2000.0,2018-02-01 13:48:31,399.0
1500.0,2016-10-03 22:50:44,399.0
1500.0,2017-09-21 12:46:55,399.0
2000.0,2017-02-14 16:23:22,399.0
1500.0,2017-06-18 15:48:20,399.0
25.0,2017-07-09 15:53:46,400.0
250.0,2017-05-01 13:11:04,404.0
500.0,2018-05-10 17:07:09,404.0
75.0,2017-03-30 11:57:36,405.0
100.0,2017-02-21 21:10:23,405.0
25.0,2017-09-28 16:59:38,407.0
25.0,2017-08-11 20:11:59,407.0
25.0,2017-09-26 12:04:53,407.0
25.0,2016-08-18 19:40:23,409.0
25.0,2017-10-20 13:47:51,409.0
50.0,2016-01-04 19:07:26,409.0
25.0,2018-05-19 15:16:01,410.0
25.0,2017-09-26 13:28:00,410.0
25.0,2017-11-14 16:18:36,413.0
25.0,2017-11-17 20:06:57,413.0
25.0,2017-11-21 12:33:31,413.0
50.0,2018-04-29 15:03:00,414.0
25.0,2018-04-01 15:44:25,415.0
25.0,2017-10-12 17:07:33,415.0
250.0,2018-05-06 18:21:55,416.0
250.0,2018-02-21 21:55:23,416.0
250.0,2018-06-01 17:27:48,416.0
25.0,2017-02-09 16:33:09,417.0
25.0,2015-07-31 20:59:26,417.0
25.0,2015-03-03 21:21:29,417.0
25.0,2015-03-17 12:38:21,417.0
50.0,2015-04-27 18:53:29,417.0
25.0,2015-05-08 21:37:42,417.0
25.0,2015-07-05 13:39:14,417.0
25.0,2016-05-17 17:17:30,417.0
25.0,2015-02-28 20:08:27,417.0
25.0,2017-09-01 21:41:25,417.0
50.0,2015-03-20 14:25:26,417.0
25.0,2015-09-21 20:52:05,417.0
50.0,2016-10-06 15:34:30,418.0
50.0,2018-02-03 17:51:29,418.0
25.0,2017-10-18 19:11:32,418.0
25.0,2016-08-18 17:42:42,418.0
500.0,2018-03-23 16:53:26,419.0
250.0,2015-10-02 18:04:36,419.0
250.0,2017-08-22 19:11:51,419.0
500.0,2017-10-16 17:51:06,419.0
500.0,2017-03-08 14:12:23,419.0
250.0,2016-06-17 18:03:38,419.0
500.0,2016-01-01 11:25:55,419.0
250.0,2016-08-10 14:37:44,419.0
250.0,2017-07-31 20:25:35,419.0
25.0,2017-11-17 22:43:53,420.0
50.0,2017-09-23 13:39:32,420.0
25.0,2016-07-08 20:11:18,420.0
50.0,2018-02-06 18:14:15,420.0
25.0,2018-02-18 14:25:28,420.0
50.0,2017-06-19 13:35:29,420.0
50.0,2016-12-21 14:03:15,420.0
25.0,2018-01-30 14:07:39,420.0
25.0,2017-02-06 18:50:26,426.0
50.0,2018-06-03 17:56:51,426.0
25.0,2017-01-30 20:41:55,427.0
25.0,2017-08-06 15:17:07,427.0
25.0,2017-09-10 11:45:08,427.0
25.0,2017-09-29 18:04:58,427.0
50.0,2017-06-22 14:43:51,429.0
25.0,2018-01-31 12:23:00,429.0
25.0,2017-12-15 17:54:04,430.0
50.0,2018-05-20 22:59:19,430.0
25.0,2017-12-13 17:14:09,435.0
25.0,2017-12-04 19:12:41,435.0
25.0,2017-12-14 21:07:50,435.0
25.0,2017-12-07 21:54:50,435.0
50.0,2018-03-30 19:56:05,436.0
25.0,2017-12-08 19:44:44,437.0
50.0,2017-01-05 22:12:27,437.0
50.0,2017-05-16 21:57:18,437.0
25.0,2016-03-10 12:34:36,437.0
25.0,2016-09-27 21:34:35,437.0
25.0,2018-01-12 16:40:48,437.0
25.0,2017-12-12 15:41:09,437.0
50.0,2015-12-21 17:25:54,437.0
50.0,2015-08-06 16:43:33,438.0
50.0,2016-01-26 18:46:05,438.0
75.0,2018-01-26 18:19:18,438.0
75.0,2017-07-14 17:51:14,438.0
75.0,2017-10-10 13:27:24,438.0
50.0,2018-04-30 16:17:08,438.0
50.0,2015-06-02 11:34:19,438.0
50.0,2016-07-31 17:58:52,438.0
50.0,2015-05-24 12:21:49,438.0
50.0,2017-02-21 22:29:19,438.0
50.0,2017-03-06 21:44:32,438.0
50.0,2015-12-12 22:18:47,438.0
50.0,2017-01-28 12:42:36,438.0
50.0,2016-07-27 19:19:56,438.0
75.0,2017-06-21 16:12:58,438.0
50.0,2016-10-29 22:21:43,438.0
50.0,2016-01-02 19:39:22,438.0
75.0,2017-01-31 11:06:00,438.0
50.0,2017-05-16 14:32:18,438.0
50.0,2017-09-10 22:31:51,438.0
1000.0,2017-11-28 16:05:22,441.0
1500.0,2018-01-06 22:16:48,443.0
1000.0,2017-09-24 17:43:08,443.0
1000.0,2018-02-01 22:13:25,443.0
25.0,2018-05-14 12:12:55,448.0
25.0,2017-12-18 14:56:57,448.0
25.0,2018-02-25 22:47:55,448.0
50.0,2018-02-08 14:20:48,448.0
25.0,2018-05-06 19:13:09,450.0
25.0,2018-01-20 21:51:53,450.0
25.0,2018-05-27 22:02:57,450.0
50.0,2017-12-04 22:34:21,450.0
50.0,2017-05-29 20:12:27,451.0
50.0,2017-10-27 11:54:13,451.0
1000.0,2017-11-05 18:13:45,452.0
1000.0,2017-08-23 20:52:53,452.0
25.0,2016-10-16 11:30:53,453.0
25.0,2017-11-24 13:41:02,453.0
500.0,2016-09-10 17:58:05,454.0
500.0,2018-05-12 22:17:18,454.0
500.0,2017-03-26 18:03:05,454.0
1000.0,2017-02-18 19:36:00,454.0
25.0,2016-01-14 18:53:23,457.0
25.0,2016-03-04 14:31:46,457.0
25.0,2016-08-13 21:32:57,457.0
25.0,2016-01-13 15:33:09,457.0
50.0,2017-04-21 15:07:19,457.0
25.0,2017-12-03 16:46:55,457.0
25.0,2016-08-19 14:53:49,457.0
50.0,2016-07-17 11:59:15,457.0
50.0,2018-02-21 17:43:41,457.0
25.0,2016-02-09 22:39:59,457.0
50.0,2016-04-19 12:20:19,457.0
50.0,2016-11-06 21:31:42,457.0
25.0,2017-01-29 15:28:53,457.0
25.0,2015-12-15 20:34:18,457.0
25.0,2015-11-23 22:38:31,457.0
25.0,2018-01-27 21:56:54,458.0
25.0,2018-02-10 14:32:39,458.0
50.0,2017-12-30 22:28:07,459.0
100.0,2018-05-21 19:42:43,461.0
25.0,2017-12-24 19:30:39,462.0
50.0,2018-01-09 15:43:36,462.0
50.0,2017-07-10 11:05:39,464.0
50.0,2018-04-17 18:17:32,465.0
25.0,2017-12-05 17:24:34,465.0
50.0,2017-05-30 16:24:00,465.0
50.0,2017-09-23 15:34:20,465.0
25.0,2018-01-20 12:07:21,467.0
50.0,2018-04-23 15:29:12,467.0
25.0,2018-04-16 15:49:02,469.0
25.0,2018-04-30 12:06:11,472.0
25.0,2017-10-06 12:16:29,472.0
25.0,2018-02-09 19:02:21,472.0
25.0,2017-03-24 11:32:50,472.0
50.0,2017-08-13 22:25:54,472.0
50.0,2016-06-15 16:45:50,472.0
25.0,2017-07-20 20:35:59,472.0
25.0,2017-07-22 21:32:08,472.0
25.0,2017-10-05 16:39:34,473.0
25.0,2018-03-19 15:00:40,473.0
25.0,2018-04-08 11:51:30,473.0
100.0,2018-04-07 15:46:59,474.0
100.0,2018-02-23 21:45:53,474.0
75.0,2018-03-09 19:50:28,475.0
75.0,2018-02-07 22:31:54,475.0
50.0,2016-03-22 14:08:33,478.0
50.0,2017-07-14 21:19:51,478.0
50.0,2016-09-21 21:41:43,478.0
25.0,2017-01-20 14:18:39,478.0
25.0,2017-07-24 21:55:31,478.0
25.0,2018-02-27 12:32:27,478.0
25.0,2016-10-19 13:35:16,478.0
25.0,2015-08-03 12:43:19,478.0
25.0,2018-01-21 21:18:52,478.0
25.0,2017-05-09 12:17:20,478.0
50.0,2015-06-22 21:12:29,478.0
25.0,2015-08-08 18:29:14,478.0
25.0,2016-04-17 13:21:52,478.0
25.0,2017-09-10 12:59:42,478.0
25.0,2018-03-11 19:22:58,478.0
25.0,2016-12-10 21:07:46,478.0
25.0,2015-03-18 16:37:36,478.0
25.0,2017-10-22 17:40:34,478.0
25.0,2018-02-02 16:09:50,478.0
25.0,2016-10-16 22:46:12,478.0
50.0,2016-04-26 21:58:08,481.0
25.0,2017-05-10 22:04:29,481.0
25.0,2017-04-04 17:47:43,481.0
50.0,2018-04-27 11:33:51,481.0
25.0,2017-01-01 21:33:49,481.0
25.0,2016-08-16 18:21:43,481.0
250.0,2017-12-31 16:17:51,482.0
250.0,2018-03-10 17:14:37,482.0
25.0,2016-09-25 22:06:24,483.0
25.0,2017-05-22 16:02:10,483.0
25.0,2017-05-04 17:24:50,483.0
25.0,2015-02-22 13:32:27,483.0
50.0,2018-04-13 21:06:53,483.0
25.0,2015-05-07 15:11:37,483.0
25.0,2015-06-01 22:06:49,483.0
50.0,2017-02-21 14:16:52,483.0
50.0,2017-08-22 17:45:55,485.0
25.0,2017-06-14 22:54:28,485.0
100.0,2017-10-28 12:58:46,486.0
75.0,2017-08-02 18:10:52,486.0
25.0,2017-11-19 13:37:38,488.0
25.0,2015-06-02 13:32:56,488.0
25.0,2015-08-31 20:37:23,488.0
25.0,2017-06-04 22:15:53,488.0
50.0,2015-11-25 18:30:18,490.0
50.0,2016-05-29 11:29:20,490.0
25.0,2015-07-24 16:24:50,490.0
50.0,2017-10-28 18:28:34,490.0
25.0,2017-01-28 22:40:55,490.0
50.0,2018-04-27 16:33:49,490.0
50.0,2018-03-18 17:42:41,493.0
100.0,2016-12-13 20:40:26,495.0
75.0,2016-05-30 11:57:28,495.0
50.0,2018-04-20 17:55:20,496.0
25.0,2017-07-01 13:20:16,496.0
25.0,2017-09-01 13:29:10,496.0
25.0,2017-09-09 21:19:53,497.0
50.0,2016-08-24 18:28:06,497.0
25.0,2017-01-07 19:54:56,497.0
50.0,2016-02-20 15:28:08,497.0
500.0,2018-01-19 21:04:49,498.0
500.0,2018-02-26 21:34:09,498.0
1000.0,2018-04-02 13:46:15,498.0
25.0,2017-06-22 11:57:44,499.0
25.0,2017-08-17 12:54:58,499.0
50.0,2016-07-14 15:29:32,499.0
25.0,2017-03-22 17:53:36,499.0
25.0,2017-02-25 15:03:28,499.0
50.0,2016-09-23 21:56:49,499.0
1000.0,2017-12-14 19:20:24,500.0
1000.0,2017-02-19 18:51:24,500.0
1500.0,2017-04-16 13:18:57,500.0
1500.0,2017-07-15 17:00:16,500.0
1500.0,2017-10-18 15:32:16,500.0
1000.0,2017-06-05 13:55:37,500.0
50.0,2018-03-18 21:20:21,501.0
50.0,2017-01-11 21:06:29,501.0
50.0,2018-02-14 22:45:12,501.0
50.0,2018-02-17 19:02:14,501.0
100.0,2018-02-28 19:28:18,502.0
50.0,2018-01-10 19:12:33,503.0
50.0,2018-03-31 16:44:59,503.0
25.0,2017-08-25 21:44:55,504.0
50.0,2018-05-10 18:24:41,507.0
50.0,2017-11-10 12:35:10,507.0
25.0,2017-11-16 13:38:25,507.0
25.0,2018-01-21 20:13:58,507.0
50.0,2018-05-22 17:02:51,509.0
50.0,2017-09-23 19:04:47,510.0
25.0,2017-01-02 19:50:47,510.0
50.0,2015-06-15 11:01:29,512.0
25.0,2018-03-10 12:04:55,512.0
25.0,2016-10-17 18:01:05,512.0
25.0,2016-02-04 19:18:06,512.0
25.0,2017-03-26 22:23:20,512.0
25.0,2017-05-31 11:06:35,512.0
25.0,2016-12-21 21:06:07,512.0
25.0,2018-01-27 17:33:32,512.0
50.0,2018-04-19 21:35:28,512.0
25.0,2015-06-21 22:08:29,512.0
25.0,2016-10-18 15:08:31,512.0
50.0,2017-11-12 22:05:20,512.0
25.0,2017-04-27 20:55:45,512.0
25.0,2016-03-20 13:58:39,512.0
25.0,2018-02-27 12:54:45,512.0
25.0,2017-12-07 14:02:55,512.0
50.0,2016-10-20 12:00:52,512.0
50.0,2018-04-28 18:59:34,512.0
25.0,2017-12-19 13:18:01,512.0
50.0,2015-07-30 16:55:46,512.0
50.0,2018-04-01 19:31:22,515.0
25.0,2017-01-14 22:08:15,516.0
25.0,2016-11-03 18:18:25,516.0
25.0,2017-10-01 14:29:50,516.0
50.0,2017-11-02 15:28:21,516.0
50.0,2017-04-07 18:13:38,517.0
50.0,2015-12-23 17:30:13,517.0
50.0,2017-07-29 16:32:30,517.0
75.0,2015-05-02 14:52:29,518.0
50.0,2016-11-15 21:42:59,518.0
50.0,2016-07-05 12:18:22,518.0
50.0,2015-05-20 13:12:53,518.0
50.0,2017-03-23 16:53:35,518.0
50.0,2015-10-05 16:04:06,518.0
50.0,2015-06-30 12:11:02,518.0
75.0,2015-09-06 21:28:22,518.0
50.0,2015-03-18 11:46:25,518.0
75.0,2016-04-24 12:04:50,518.0
50.0,2016-08-17 21:20:16,518.0
50.0,2015-12-03 15:27:10,518.0
25.0,2017-04-10 12:36:42,520.0
25.0,2016-07-10 11:29:13,520.0
25.0,2018-03-10 20:11:45,521.0
25.0,2018-04-28 15:18:45,521.0
25.0,2018-03-27 13:48:41,521.0
50.0,2018-01-25 16:02:09,521.0
25.0,2018-04-17 19:35:26,523.0
25.0,2018-01-21 14:58:19,523.0
25.0,2016-11-07 16:09:23,524.0
25.0,2017-09-19 18:52:14,524.0
25.0,2017-11-29 18:27:24,525.0
50.0,2017-12-12 19:17:13,525.0
50.0,2018-01-05 13:48:12,525.0
50.0,2016-05-08 17:18:31,525.0
25.0,2018-06-02 17:21:46,525.0
25.0,2017-05-21 13:40:21,525.0
50.0,2017-01-07 11:36:22,525.0
50.0,2016-11-13 22:43:05,525.0
25.0,2016-10-30 11:20:00,525.0
1500.0,2017-06-30 19:59:00,526.0
1000.0,2017-07-13 21:02:25,526.0
1000.0,2017-03-06 19:49:17,526.0
50.0,2016-10-02 13:10:15,527.0
25.0,2016-06-22 16:35:36,527.0
25.0,2018-02-06 18:27:31,530.0
25.0,2015-03-25 17:56:26,530.0
25.0,2016-11-05 21:31:21,530.0
25.0,2015-04-15 18:18:33,530.0
25.0,2016-02-04 11:41:58,530.0
25.0,2016-04-16 20:29:42,530.0
25.0,2017-11-10 21:00:19,530.0
25.0,2015-08-02 20:26:56,530.0
50.0,2015-09-11 19:47:52,530.0
50.0,2017-06-10 19:05:37,530.0
25.0,2017-01-21 15:00:55,530.0
25.0,2018-03-06 22:26:31,530.0
50.0,2017-03-15 12:14:47,531.0
25.0,2017-04-18 22:04:59,531.0
25.0,2017-11-27 16:41:53,531.0
50.0,2017-05-15 14:54:16,531.0
25.0,2017-08-22 16:09:33,531.0
50.0,2016-10-20 11:39:43,531.0
1000.0,2017-10-20 22:40:19,533.0
1500.0,2017-01-21 15:53:51,534.0
1000.0,2015-05-13 19:51:08,534.0
1000.0,2018-05-17 11:00:58,534.0
1000.0,2016-04-04 20:19:26,534.0
1000.0,2016-04-30 14:00:08,534.0
1000.0,2017-10-15 11:41:26,534.0
1000.0,2017-12-25 17:50:29,534.0
1500.0,2015-11-11 19:56:57,534.0
1500.0,2016-09-15 16:53:31,534.0
1500.0,2017-01-14 12:20:01,534.0
1000.0,2017-12-26 11:53:34,534.0
1500.0,2015-08-02 21:10:55,534.0
50.0,2018-04-29 12:11:28,538.0
25.0,2017-07-16 21:43:58,538.0
50.0,2018-01-30 19:23:46,539.0
25.0,2018-04-28 13:28:46,539.0
50.0,2017-09-19 12:35:52,540.0
25.0,2017-11-08 15:39:51,540.0
25.0,2017-07-02 13:51:49,540.0
250.0,2017-10-29 20:56:53,541.0
100.0,2017-04-09 13:59:56,541.0
100.0,2016-04-07 17:00:56,541.0
100.0,2016-08-29 21:24:02,541.0
25.0,2018-03-09 16:11:11,542.0
50.0,2017-08-16 13:29:05,542.0
25.0,2018-03-16 21:13:06,544.0
50.0,2017-05-27 22:54:37,544.0
25.0,2015-12-26 17:36:52,544.0
25.0,2015-09-21 18:47:27,544.0
25.0,2016-12-03 21:32:16,544.0
25.0,2017-12-22 21:37:13,544.0
25.0,2017-07-22 16:06:28,544.0
50.0,2015-06-04 15:10:54,544.0
25.0,2015-07-07 22:09:36,544.0
50.0,2018-04-02 19:27:53,544.0
25.0,2018-01-13 21:07:37,544.0
25.0,2015-07-03 14:04:47,544.0
25.0,2015-12-29 13:03:20,544.0
25.0,2016-12-15 13:12:56,544.0
25.0,2016-01-18 14:56:19,544.0
50.0,2017-12-14 13:20:15,545.0
25.0,2017-12-17 15:34:32,545.0
50.0,2018-01-23 22:59:24,545.0
250.0,2017-07-22 11:03:29,546.0
500.0,2016-11-19 14:08:13,546.0
250.0,2016-03-27 18:59:43,546.0
250.0,2018-04-02 11:07:38,546.0
500.0,2017-01-05 20:07:56,546.0
250.0,2015-07-31 16:32:31,546.0
250.0,2018-03-23 22:38:04,546.0
250.0,2016-01-01 20:24:28,546.0
500.0,2015-08-31 17:50:13,546.0
50.0,2018-03-12 11:48:29,549.0
50.0,2017-12-03 20:17:45,549.0
75.0,2018-03-23 17:04:05,549.0
25.0,2018-04-18 13:49:21,551.0
50.0,2018-03-07 14:25:35,551.0
100.0,2017-07-30 22:13:36,554.0
250.0,2018-01-06 19:03:47,554.0
100.0,2018-04-11 12:35:58,554.0
100.0,2018-03-03 14:51:39,554.0
100.0,2017-08-11 22:54:14,554.0
250.0,2017-10-09 16:14:44,554.0
100.0,2017-02-03 16:23:18,554.0
100.0,2017-11-01 21:03:44,554.0
250.0,2018-04-11 19:11:49,554.0
100.0,2017-07-26 20:08:06,554.0
100.0,2017-09-28 16:47:13,556.0
100.0,2018-01-30 14:23:25,556.0
100.0,2017-11-12 20:54:33,556.0
100.0,2016-12-09 16:22:59,556.0
100.0,2017-01-20 21:38:11,556.0
250.0,2016-06-12 16:09:30,556.0
250.0,2016-12-28 14:06:35,556.0
100.0,2017-06-25 13:26:19,556.0
100.0,2018-05-09 12:03:49,556.0
100.0,2017-06-05 21:24:41,556.0
100.0,2017-05-19 21:40:07,556.0
100.0,2016-10-08 19:33:33,556.0
100.0,2017-07-29 15:47:28,556.0
100.0,2016-05-26 13:48:36,556.0
25.0,2017-09-17 12:18:53,559.0
25.0,2017-08-04 22:47:09,559.0
25.0,2017-04-12 21:33:08,559.0
50.0,2017-07-20 14:07:32,559.0
25.0,2018-03-13 19:30:15,560.0
25.0,2018-04-19 22:51:34,560.0
25.0,2018-05-04 18:09:53,560.0
25.0,2018-02-19 16:24:10,560.0
250.0,2018-05-07 16:08:50,561.0
100.0,2016-12-25 14:11:36,561.0
250.0,2018-01-14 21:48:35,563.0
500.0,2017-11-22 22:39:55,563.0
25.0,2018-05-20 17:18:07,566.0
50.0,2018-01-25 22:20:58,566.0
25.0,2018-05-11 16:50:44,567.0
25.0,2017-07-15 19:23:23,567.0
25.0,2018-02-23 11:21:10,567.0
25.0,2018-03-09 15:05:53,569.0
25.0,2018-01-29 14:18:11,569.0
25.0,2016-04-04 13:00:35,571.0
25.0,2016-11-24 20:10:45,571.0
25.0,2015-12-18 11:38:36,571.0
25.0,2017-08-20 21:07:30,572.0
25.0,2017-09-10 19:18:21,572.0
25.0,2016-09-18 21:53:27,572.0
25.0,2017-06-19 22:29:30,572.0
50.0,2016-11-22 17:38:27,572.0
25.0,2017-08-27 17:28:07,572.0
75.0,2017-07-25 22:00:58,573.0
75.0,2018-02-10 12:05:56,573.0
100.0,2017-12-29 14:28:02,575.0
250.0,2018-04-01 22:53:23,575.0
100.0,2018-03-08 19:02:27,575.0
50.0,2016-04-20 20:02:33,577.0
25.0,2016-04-23 13:40:27,577.0
50.0,2015-12-25 22:30:27,577.0
25.0,2016-05-02 19:37:20,577.0
25.0,2017-05-08 17:18:36,577.0
50.0,2017-05-26 18:47:58,577.0
50.0,2018-04-19 12:34:17,578.0
25.0,2018-01-19 20:13:39,578.0
25.0,2018-05-18 19:32:09,578.0
25.0,2018-01-23 22:44:01,578.0
25.0,2017-05-21 12:24:34,579.0
50.0,2017-11-18 11:34:46,579.0
50.0,2015-02-13 16:36:38,581.0
25.0,2015-10-27 19:36:09,581.0
25.0,2017-10-05 11:40:17,581.0
50.0,2017-01-29 17:15:49,581.0
25.0,2016-09-28 12:07:50,581.0
50.0,2016-02-10 16:42:34,581.0
25.0,2016-10-11 14:42:36,581.0
25.0,2016-11-24 12:24:53,581.0
25.0,2017-04-15 13:57:41,581.0
50.0,2015-12-09 14:58:38,581.0
50.0,2017-07-21 22:03:21,581.0
25.0,2016-01-13 14:17:54,581.0
50.0,2018-02-10 19:10:04,583.0
50.0,2018-01-28 19:12:50,583.0
50.0,2018-03-20 13:29:08,583.0
25.0,2015-05-24 22:05:38,586.0
50.0,2017-12-16 14:33:24,586.0
25.0,2016-11-08 12:21:09,586.0
50.0,2015-03-25 16:30:57,586.0
50.0,2016-03-10 17:28:42,586.0
25.0,2016-09-07 16:06:33,586.0
50.0,2016-04-03 19:21:16,586.0
25.0,2016-02-29 19:54:26,586.0
50.0,2018-03-05 12:52:12,587.0
25.0,2017-06-06 18:32:04,587.0
25.0,2017-11-03 18:14:31,588.0
25.0,2017-10-01 17:29:22,588.0
25.0,2016-10-25 16:18:43,588.0
25.0,2017-06-04 12:03:56,588.0
25.0,2016-09-24 15:34:36,588.0
50.0,2018-02-03 18:38:04,588.0
25.0,2017-12-30 22:49:17,588.0
25.0,2017-01-08 12:49:00,588.0
50.0,2018-03-09 11:12:41,589.0
25.0,2017-05-27 22:42:18,589.0
25.0,2018-05-25 14:26:46,589.0
1000.0,2018-04-17 15:12:08,590.0
1500.0,2017-10-31 12:26:54,590.0
25.0,2018-01-30 22:03:40,594.0
50.0,2016-08-23 13:35:45,594.0
25.0,2018-05-24 18:41:59,594.0
25.0,2018-03-08 20:08:34,594.0
25.0,2018-05-22 20:21:37,596.0
25.0,2018-02-20 13:58:48,596.0
1000.0,2017-08-24 11:58:39,597.0
1000.0,2017-12-06 20:40:21,597.0
500.0,2018-04-13 16:25:31,597.0
1000.0,2016-09-07 11:44:36,599.0
1000.0,2017-11-29 17:26:16,599.0
1000.0,2018-01-24 15:55:02,599.0
500.0,2016-06-03 22:32:25,599.0
1000.0,2017-06-27 12:25:51,601.0
50.0,2015-12-27 12:00:51,602.0
25.0,2015-05-27 11:00:48,602.0
25.0,2015-07-25 17:38:29,602.0
25.0,2017-03-09 19:26:44,602.0
50.0,2017-10-24 17:03:58,602.0
25.0,2017-03-31 19:48:52,602.0
50.0,2017-04-16 11:44:19,602.0
25.0,2015-04-23 15:02:28,602.0
25.0,2017-08-09 13:03:02,602.0
50.0,2016-03-08 17:05:32,603.0
50.0,2016-08-19 11:17:37,603.0
50.0,2016-12-26 15:36:51,603.0
50.0,2016-03-15 15:27:51,603.0
50.0,2018-01-16 22:20:09,603.0
75.0,2016-08-11 13:24:37,603.0
50.0,2018-03-05 13:42:41,603.0
75.0,2016-06-03 13:40:33,603.0
25.0,2018-03-11 11:24:21,605.0
50.0,2018-01-31 15:07:28,606.0
25.0,2017-11-18 13:12:49,606.0
25.0,2018-01-08 11:40:53,606.0
1000.0,2017-02-28 17:53:33,607.0
500.0,2017-07-14 19:33:41,607.0
1000.0,2018-05-09 14:20:54,607.0
1000.0,2017-06-06 22:13:53,607.0
500.0,2016-09-29 22:56:00,607.0
500.0,2017-11-06 11:47:31,607.0
100.0,2017-09-18 16:38:58,609.0
75.0,2018-05-25 13:52:52,609.0
75.0,2017-07-16 19:13:05,610.0
50.0,2017-03-01 20:04:06,610.0
50.0,2018-01-23 12:04:59,610.0
50.0,2017-03-12 21:07:49,610.0
50.0,2015-11-07 13:22:51,610.0
50.0,2017-01-04 15:06:28,610.0
50.0,2018-01-12 19:13:11,610.0
75.0,2015-11-11 13:33:45,610.0
50.0,2017-11-01 14:05:07,610.0
25.0,2018-06-01 19:00:32,613.0
50.0,2017-06-10 15:50:09,613.0
25.0,2016-05-27 19:52:25,613.0
50.0,2018-04-28 17:39:28,613.0
1500.0,2018-03-16 22:01:16,615.0
25.0,2016-05-06 13:40:32,616.0
25.0,2017-10-10 21:11:02,616.0
25.0,2016-03-12 14:36:01,616.0
250.0,2017-02-13 20:50:40,617.0
250.0,2017-08-17 22:00:32,617.0
25.0,2018-02-23 18:51:07,618.0
25.0,2018-04-16 18:53:31,618.0
25.0,2017-12-30 13:32:18,618.0
25.0,2018-03-14 18:15:43,619.0
25.0,2018-03-17 12:31:25,619.0
50.0,2017-06-24 11:49:12,625.0
50.0,2015-09-19 12:19:53,625.0
25.0,2018-04-05 17:56:09,625.0
25.0,2015-06-02 11:13:42,625.0
250.0,2017-01-06 21:27:56,626.0
100.0,2017-09-04 18:04:11,626.0
50.0,2018-01-22 15:32:47,627.0
50.0,2017-12-05 16:00:52,627.0
25.0,2017-05-15 11:05:37,627.0
25.0,2018-02-07 12:54:48,627.0
25.0,2017-03-22 13:48:48,633.0
50.0,2017-08-29 17:53:10,633.0
25.0,2018-03-24 17:40:12,634.0
50.0,2018-03-21 17:49:34,634.0
25.0,2018-03-08 12:20:23,634.0
50.0,2018-04-05 14:05:20,634.0
250.0,2018-01-05 14:45:32,637.0
250.0,2017-11-15 12:40:00,637.0
500.0,2016-07-20 15:55:00,637.0
250.0,2017-07-08 13:43:58,637.0
250.0,2016-09-04 19:07:45,637.0
250.0,2018-03-05 21:41:51,637.0
500.0,2017-03-26 14:32:26,637.0
500.0,2017-12-07 21:54:03,637.0
1000.0,2017-06-10 13:53:13,638.0
500.0,2018-01-22 18:08:52,638.0
500.0,2018-02-09 13:19:34,638.0
500.0,2018-05-19 19:00:33,638.0
500.0,2018-02-10 14:08:44,639.0
1000.0,2017-05-04 14:56:39,639.0
500.0,2017-08-11 22:30:51,640.0
500.0,2018-04-07 11:00:34,640.0
500.0,2016-05-26 16:29:25,640.0
500.0,2017-10-30 19:01:35,640.0
500.0,2017-12-10 22:28:34,640.0
500.0,2015-03-29 20:53:15,640.0
500.0,2016-11-27 16:35:00,640.0
1000.0,2018-01-08 21:26:25,640.0
500.0,2016-11-18 12:26:31,640.0
500.0,2017-03-27 19:20:49,640.0
500.0,2016-10-15 13:29:44,640.0
500.0,2016-04-01 17:22:22,640.0
25.0,2017-11-23 22:18:34,641.0
50.0,2017-05-30 22:08:03,641.0
25.0,2018-04-11 21:40:19,641.0
25.0,2015-02-10 13:05:21,641.0
25.0,2018-05-03 21:23:18,641.0
50.0,2016-10-12 11:33:26,641.0
50.0,2018-01-31 16:55:51,641.0
25.0,2016-01-11 16:37:31,641.0
25.0,2017-03-02 21:12:27,641.0
25.0,2018-04-23 11:12:29,641.0
25.0,2016-01-18 12:28:14,641.0
25.0,2017-04-30 17:22:03,641.0
50.0,2018-05-14 11:23:46,643.0
50.0,2018-06-03 18:20:23,644.0
50.0,2018-05-23 17:15:10,644.0
50.0,2018-01-17 13:44:12,644.0
50.0,2018-02-05 22:30:03,644.0
25.0,2016-08-20 12:02:18,645.0
25.0,2017-03-15 18:41:19,645.0
50.0,2016-11-06 14:45:15,645.0
50.0,2018-01-10 13:42:47,645.0
50.0,2017-05-19 22:17:28,645.0
25.0,2016-10-05 19:15:25,645.0
25.0,2018-01-08 16:50:28,645.0
50.0,2018-04-15 22:48:47,645.0
25.0,2016-06-29 12:07:43,648.0
25.0,2016-01-13 17:50:39,648.0
25.0,2015-04-09 20:51:10,648.0
25.0,2017-06-25 22:21:02,648.0
25.0,2017-12-14 17:15:43,650.0
25.0,2018-02-25 17:27:58,650.0
250.0,2017-05-28 19:32:44,651.0
100.0,2017-03-23 16:37:49,651.0
250.0,2017-10-24 17:40:39,651.0
250.0,2018-01-25 17:05:41,651.0
100.0,2017-02-18 18:22:58,651.0
250.0,2017-02-03 11:06:29,651.0
1000.0,2015-12-29 16:00:14,652.0
1000.0,2016-04-02 15:42:53,652.0
1000.0,2017-03-13 22:31:39,652.0
1500.0,2018-03-03 18:41:41,652.0
1500.0,2018-02-18 22:56:42,652.0
1000.0,2016-10-23 19:30:53,652.0
1000.0,2015-05-01 17:52:24,652.0
1500.0,2018-03-05 22:48:29,652.0
1500.0,2015-02-22 11:41:46,652.0
1500.0,2017-05-14 18:56:56,652.0
1000.0,2016-09-25 12:34:52,652.0
1000.0,2017-04-21 22:15:39,652.0
1000.0,2015-02-17 12:48:13,652.0
1500.0,2015-07-07 16:48:21,652.0
1500.0,2017-03-03 20:53:10,652.0
1000.0,2015-04-13 11:36:20,652.0
1500.0,2018-05-13 15:57:26,653.0
1500.0,2017-12-19 15:20:13,653.0
1500.0,2018-06-03 11:12:41,653.0
1500.0,2017-06-02 12:14:11,653.0
2000.0,2017-07-18 13:57:42,653.0
1500.0,2016-07-12 21:09:46,653.0
50.0,2018-05-29 21:51:51,656.0
25.0,2017-12-11 11:30:07,656.0
25.0,2016-10-21 18:24:19,657.0
25.0,2016-05-31 12:04:15,657.0
50.0,2016-11-25 11:18:03,657.0
250.0,2018-05-15 17:57:14,659.0
250.0,2018-03-26 11:19:56,659.0
25.0,2018-05-29 11:03:34,660.0
25.0,2017-08-23 14:49:18,660.0
1500.0,2016-12-17 12:08:16,662.0
1000.0,2017-03-13 11:05:20,662.0
1000.0,2017-08-16 16:09:39,664.0
1000.0,2016-02-08 19:48:56,664.0
1000.0,2018-01-07 11:21:09,664.0
1000.0,2016-04-10 13:02:46,664.0
1000.0,2017-10-22 15:24:49,664.0
1000.0,2017-03-20 19:12:41,664.0
100.0,2017-12-09 19:19:33,665.0
100.0,2016-01-18 21:27:10,665.0
100.0,2017-09-17 22:17:19,665.0
100.0,2017-08-15 17:53:09,665.0
100.0,2018-05-08 22:19:58,665.0
100.0,2017-07-09 13:14:25,665.0
100.0,2017-08-02 19:38:28,665.0
250.0,2018-01-19 20:34:25,665.0
100.0,2017-03-05 22:49:29,665.0
500.0,2018-03-24 22:27:41,668.0
25.0,2018-05-03 17:02:59,669.0
250.0,2017-01-16 14:22:11,670.0
100.0,2017-03-01 12:23:38,670.0
100.0,2017-07-07 20:57:40,670.0
100.0,2018-02-24 20:16:32,670.0
75.0,2017-12-30 18:20:17,673.0
100.0,2018-05-28 22:42:27,673.0
75.0,2017-10-13 13:21:45,673.0
75.0,2018-01-14 19:06:15,673.0
100.0,2018-01-11 17:25:25,674.0
25.0,2017-07-31 15:17:27,677.0
25.0,2017-05-12 20:19:12,677.0
25.0,2016-05-13 18:41:28,678.0
25.0,2016-06-08 18:18:28,678.0
50.0,2016-05-18 16:48:55,678.0
50.0,2017-06-23 15:23:53,678.0
250.0,2018-04-02 22:53:37,680.0
100.0,2017-12-19 14:43:58,680.0
100.0,2017-12-06 19:01:25,680.0
25.0,2017-10-26 20:30:01,681.0
25.0,2017-01-06 20:36:20,681.0
25.0,2016-03-13 22:33:05,681.0
25.0,2015-08-14 18:58:20,682.0
25.0,2017-05-29 16:26:03,682.0
50.0,2016-05-14 18:10:05,682.0
50.0,2015-08-11 21:17:09,683.0
50.0,2018-04-19 15:36:07,683.0
50.0,2015-02-20 11:04:46,683.0
50.0,2015-04-01 17:24:30,683.0
50.0,2015-06-20 12:01:24,683.0
50.0,2015-07-18 11:38:51,683.0
25.0,2017-02-12 21:52:53,684.0
25.0,2015-07-31 12:07:53,684.0
50.0,2018-02-23 15:52:58,684.0
25.0,2017-02-10 12:29:08,684.0
25.0,2016-06-26 11:31:58,684.0
50.0,2017-02-10 22:45:30,684.0
50.0,2017-05-20 22:59:05,685.0
25.0,2017-01-04 21:09:04,687.0
50.0,2017-09-29 11:12:12,687.0
25.0,2018-04-25 14:32:26,687.0
50.0,2017-03-27 12:54:45,687.0
50.0,2018-01-04 18:48:48,687.0
50.0,2018-05-08 14:25:37,687.0
25.0,2017-08-10 22:58:21,688.0
25.0,2018-02-01 18:02:39,688.0
1000.0,2017-09-26 17:15:06,690.0
1000.0,2017-07-19 18:07:37,690.0
25.0,2018-03-24 17:23:05,691.0
25.0,2016-07-20 19:05:37,691.0
25.0,2016-10-21 11:04:59,691.0
50.0,2017-07-09 11:58:32,691.0
25.0,2017-09-30 11:38:15,691.0
25.0,2017-09-01 11:17:25,691.0
50.0,2018-03-07 19:08:33,691.0
25.0,2017-11-22 16:37:30,691.0
25.0,2016-08-10 15:09:55,691.0
75.0,2015-02-17 20:18:14,692.0
50.0,2017-07-23 15:32:13,692.0
75.0,2018-01-03 19:56:54,692.0
50.0,2016-05-30 21:32:06,692.0
50.0,2017-06-22 15:53:46,692.0
75.0,2016-10-06 15:44:33,692.0
75.0,2016-04-05 22:03:44,692.0
75.0,2015-02-22 21:57:41,692.0
75.0,2018-01-20 14:23:27,692.0
50.0,2016-12-16 14:20:54,692.0
50.0,2015-02-17 20:48:05,692.0
75.0,2018-04-14 22:22:24,692.0
75.0,2016-12-16 21:52:32,692.0
75.0,2018-03-17 12:24:35,692.0
75.0,2016-02-12 14:05:57,692.0
50.0,2016-03-06 21:19:33,692.0
25.0,2017-06-18 12:39:31,693.0
25.0,2016-12-11 18:19:03,693.0
25.0,2017-08-16 14:09:17,693.0
50.0,2017-04-03 16:51:53,693.0
25.0,2017-06-06 11:42:10,693.0
25.0,2017-10-26 11:24:12,693.0
25.0,2017-09-10 19:04:42,693.0
25.0,2017-01-12 21:19:24,693.0
25.0,2017-06-30 11:08:13,693.0
50.0,2017-09-03 13:48:56,693.0
25.0,2016-08-17 15:32:31,695.0
25.0,2018-04-14 15:15:11,695.0
25.0,2017-07-31 13:42:20,695.0
25.0,2017-02-17 21:08:08,695.0
25.0,2018-03-14 21:40:46,695.0
50.0,2015-09-25 11:09:26,695.0
25.0,2017-08-06 20:10:13,696.0
25.0,2018-02-20 19:05:39,698.0
50.0,2018-05-05 18:25:53,698.0
25.0,2017-12-01 14:04:22,698.0
25.0,2016-12-06 18:08:04,699.0
50.0,2018-02-01 16:59:54,699.0
75.0,2016-08-10 17:22:28,702.0
50.0,2018-01-11 19:50:09,702.0
50.0,2017-05-22 15:56:12,702.0
50.0,2017-06-11 17:05:31,702.0
50.0,2018-05-26 21:45:31,702.0
75.0,2017-06-19 17:31:34,702.0
50.0,2018-05-25 13:44:12,703.0
75.0,2016-12-24 16:56:56,703.0
50.0,2017-02-27 20:37:43,703.0
50.0,2017-08-10 11:26:38,703.0
25.0,2015-08-31 19:14:29,705.0
25.0,2016-06-29 11:02:19,705.0
25.0,2015-09-04 17:45:10,705.0
25.0,2017-08-01 22:24:31,705.0
50.0,2015-11-13 11:39:41,705.0
50.0,2015-11-27 15:29:54,705.0
50.0,2017-06-11 13:00:17,705.0
25.0,2015-09-10 18:34:16,705.0
25.0,2017-11-26 18:23:14,706.0
25.0,2017-07-01 19:23:04,706.0
25.0,2017-11-07 13:05:08,706.0
50.0,2016-05-17 16:46:34,710.0
50.0,2016-04-13 14:56:24,710.0
25.0,2017-08-07 13:02:28,710.0
25.0,2017-06-09 14:46:11,710.0
25.0,2016-08-16 17:51:16,710.0
25.0,2017-10-20 17:24:06,710.0
25.0,2016-02-18 12:51:46,710.0
50.0,2016-03-20 14:45:34,710.0
25.0,2018-04-06 22:01:59,710.0
50.0,2016-10-25 22:58:55,710.0
50.0,2017-01-19 14:14:07,711.0
25.0,2015-02-23 12:21:50,711.0
25.0,2015-06-24 16:14:05,711.0
25.0,2017-07-11 14:29:35,711.0
50.0,2016-02-17 13:04:02,711.0
25.0,2018-02-03 20:47:09,711.0
50.0,2016-07-27 19:30:47,711.0
25.0,2015-11-10 13:04:58,711.0
25.0,2018-05-02 19:10:42,712.0
25.0,2018-05-15 18:54:18,713.0
1500.0,2016-08-01 14:22:40,714.0
1500.0,2017-05-08 15:50:13,714.0
2000.0,2015-07-12 12:38:13,714.0
1500.0,2017-08-23 15:14:00,714.0
1500.0,2017-12-23 17:11:01,714.0
2000.0,2017-12-10 12:45:24,714.0
2000.0,2018-05-03 16:41:12,714.0
2000.0,2016-02-27 20:56:24,714.0
2000.0,2017-03-23 16:10:00,714.0
1500.0,2018-05-16 12:41:48,714.0
1500.0,2016-12-12 12:15:37,714.0
1500.0,2017-05-23 11:05:35,714.0
75.0,2018-04-18 16:20:32,717.0
75.0,2017-10-05 20:03:27,717.0
75.0,2018-04-23 21:14:09,717.0
50.0,2018-03-07 12:38:06,718.0
25.0,2017-10-19 21:23:06,718.0
25.0,2018-05-15 12:45:39,718.0
250.0,2017-06-05 12:51:18,719.0
250.0,2016-05-24 18:01:30,719.0
250.0,2016-03-13 19:46:54,719.0
250.0,2016-05-31 16:28:26,719.0
500.0,2015-08-30 14:35:42,719.0
250.0,2017-11-04 11:54:16,719.0
250.0,2017-11-15 13:09:14,719.0
250.0,2017-02-17 20:56:36,719.0
250.0,2017-02-22 15:46:19,719.0
250.0,2016-03-12 12:51:30,719.0
250.0,2018-01-14 18:35:33,719.0
500.0,2016-11-22 20:19:59,719.0
500.0,2016-08-21 13:23:42,719.0
250.0,2018-05-28 21:07:59,719.0
250.0,2015-10-22 17:08:04,719.0
25.0,2016-08-19 11:07:54,726.0
50.0,2017-12-28 18:38:25,726.0
25.0,2015-09-13 20:40:56,726.0
25.0,2017-05-22 15:00:39,726.0
25.0,2017-01-13 15:55:46,727.0
50.0,2016-09-10 18:21:02,727.0
25.0,2015-09-17 12:45:01,727.0
1000.0,2017-07-18 14:48:49,730.0
1000.0,2016-10-17 12:46:53,730.0
50.0,2018-01-27 16:04:06,731.0
50.0,2018-06-02 12:13:33,731.0
50.0,2018-05-19 21:21:33,731.0
25.0,2018-06-01 19:23:21,732.0
25.0,2017-12-28 20:38:30,732.0
25.0,2018-02-22 13:19:00,732.0
25.0,2017-12-07 19:42:56,734.0
50.0,2018-04-06 12:31:08,738.0
25.0,2017-10-10 19:47:30,738.0
50.0,2016-01-30 17:33:57,741.0
25.0,2016-12-10 17:11:42,741.0
25.0,2015-10-31 19:48:47,741.0
25.0,2017-01-23 13:59:28,741.0
25.0,2018-01-05 12:42:51,741.0
25.0,2015-12-01 15:39:17,741.0
25.0,2016-09-23 19:38:00,741.0
25.0,2016-09-28 18:40:16,741.0
25.0,2017-12-22 14:33:56,741.0
250.0,2017-07-22 21:49:50,742.0
250.0,2016-06-27 14:31:25,742.0
50.0,2017-09-25 15:59:23,743.0
50.0,2017-05-09 18:28:44,745.0
25.0,2017-05-31 19:35:26,745.0
25.0,2017-08-03 13:00:19,746.0
25.0,2016-07-17 16:29:47,746.0
25.0,2016-02-27 13:44:32,746.0
500.0,2018-04-12 19:22:06,748.0
50.0,2017-02-22 12:01:47,749.0
25.0,2017-07-08 21:45:29,749.0
25.0,2018-03-13 20:26:48,753.0
25.0,2018-02-15 18:01:51,754.0
25.0,2018-01-07 17:08:09,754.0
25.0,2016-05-05 19:06:31,757.0
25.0,2018-01-17 15:03:02,757.0
50.0,2016-10-05 11:10:42,757.0
25.0,2017-03-08 16:54:45,757.0
50.0,2018-02-11 21:59:48,758.0
25.0,2018-05-04 11:32:21,758.0
50.0,2018-02-06 19:33:26,758.0
50.0,2018-01-10 13:58:10,758.0
50.0,2017-10-19 17:48:17,759.0
50.0,2017-10-05 16:39:42,759.0
25.0,2017-09-11 14:38:35,759.0
50.0,2018-04-03 19:23:31,759.0
25.0,2016-07-24 16:07:31,760.0
25.0,2016-11-09 16:32:51,760.0
25.0,2016-09-22 22:35:21,760.0
25.0,2018-03-26 13:43:42,760.0
25.0,2016-08-09 13:37:39,760.0
50.0,2016-10-08 15:49:55,760.0
25.0,2017-05-25 16:39:53,760.0
50.0,2018-04-28 18:18:31,760.0
1000.0,2018-06-03 14:49:24,761.0
500.0,2018-04-18 18:15:29,761.0
1500.0,2015-11-29 14:42:53,762.0
1500.0,2016-10-11 16:44:51,762.0
1500.0,2015-12-19 20:21:43,762.0
1500.0,2016-01-18 22:14:15,762.0
2000.0,2015-12-08 18:23:08,762.0
1500.0,2017-12-20 16:51:34,762.0
2000.0,2016-09-12 19:02:40,762.0
2000.0,2017-06-05 22:26:39,762.0
1500.0,2018-03-05 15:51:37,762.0
50.0,2018-02-21 14:26:29,763.0
50.0,2018-06-03 14:56:01,764.0
25.0,2017-10-26 16:15:50,764.0
25.0,2017-07-04 20:45:48,764.0
25.0,2017-02-28 16:29:23,767.0
25.0,2016-11-20 21:26:08,767.0
25.0,2017-04-16 15:30:36,767.0
50.0,2017-09-28 21:37:44,767.0
25.0,2015-08-18 14:36:48,767.0
25.0,2015-03-08 12:43:47,767.0
25.0,2016-08-07 13:27:03,767.0
50.0,2018-02-18 19:19:59,767.0
25.0,2017-09-13 14:17:21,768.0
25.0,2018-05-08 12:43:12,768.0
50.0,2018-03-15 20:34:49,768.0
75.0,2018-02-07 14:40:56,769.0
50.0,2018-03-15 13:02:59,769.0
50.0,2017-06-14 13:49:47,769.0
75.0,2017-06-25 19:45:51,769.0
50.0,2018-02-13 14:08:01,769.0
75.0,2017-08-08 21:30:44,769.0
25.0,2017-09-28 12:15:49,770.0
50.0,2018-03-09 22:59:09,773.0
25.0,2017-02-21 15:29:51,774.0
50.0,2017-06-01 21:54:43,774.0
25.0,2015-07-21 20:50:49,778.0
50.0,2016-12-22 19:59:13,778.0
25.0,2017-11-19 20:30:22,778.0
50.0,2017-10-02 20:03:43,778.0
25.0,2016-09-08 13:04:00,778.0
25.0,2015-07-06 11:06:00,778.0
25.0,2017-07-11 16:04:36,778.0
25.0,2015-09-02 20:40:06,778.0
25.0,2018-01-19 21:14:43,780.0
50.0,2017-11-19 14:23:48,780.0
1000.0,2018-03-02 22:07:03,784.0
1000.0,2017-08-18 20:41:16,784.0
1000.0,2018-03-04 14:30:43,784.0
25.0,2017-06-18 20:22:52,786.0
25.0,2016-02-16 21:21:40,786.0
25.0,2017-07-18 22:04:00,786.0
50.0,2016-06-06 12:13:42,788.0
75.0,2018-04-05 12:00:32,788.0
50.0,2017-12-17 21:11:45,788.0
50.0,2016-10-02 19:08:04,788.0
75.0,2017-08-04 12:15:40,791.0
50.0,2017-07-27 21:50:58,791.0
50.0,2018-03-15 19:20:21,791.0
100.0,2017-07-29 21:10:33,793.0
100.0,2018-02-01 18:58:46,793.0
100.0,2018-01-28 11:39:37,793.0
100.0,2018-03-04 18:19:08,796.0
250.0,2016-04-15 12:28:49,796.0
250.0,2017-03-09 12:23:58,796.0
100.0,2017-01-29 22:40:42,796.0
250.0,2016-07-21 12:39:40,796.0
250.0,2016-11-18 22:54:28,796.0
25.0,2018-01-14 12:07:44,801.0
25.0,2018-03-10 19:12:55,801.0
25.0,2018-04-27 11:07:06,802.0
25.0,2017-12-17 11:45:46,805.0
25.0,2018-02-05 14:43:31,805.0
25.0,2017-11-03 11:30:53,805.0
100.0,2016-10-18 19:55:40,806.0
100.0,2016-10-29 14:47:26,806.0
100.0,2018-05-06 13:47:27,806.0
75.0,2018-02-15 14:12:06,806.0
100.0,2018-04-30 14:55:56,806.0
100.0,2016-12-15 14:44:28,806.0
75.0,2018-01-07 19:34:10,806.0
75.0,2017-09-05 13:43:40,806.0
75.0,2016-09-29 17:33:33,806.0
100.0,2017-04-29 17:31:11,806.0
75.0,2017-09-29 17:30:53,806.0
100.0,2018-04-10 21:57:05,806.0
25.0,2017-12-13 14:46:47,807.0
25.0,2018-01-01 21:40:16,807.0
25.0,2018-03-19 12:05:01,807.0
50.0,2018-02-12 16:28:02,807.0
50.0,2017-10-01 20:53:05,807.0
25.0,2018-03-28 13:47:44,807.0
25.0,2017-05-01 14:31:47,808.0
25.0,2016-01-22 12:16:09,808.0
25.0,2015-09-23 14:46:30,808.0
25.0,2018-01-12 14:14:03,808.0
25.0,2017-09-13 17:36:40,808.0
25.0,2017-09-30 11:45:26,808.0
25.0,2016-02-29 15:49:56,808.0
25.0,2016-04-02 19:38:34,808.0
25.0,2015-11-25 19:21:46,808.0
100.0,2018-01-12 21:40:31,809.0
25.0,2018-05-18 18:43:57,812.0
25.0,2017-02-17 21:09:12,812.0
25.0,2017-04-26 18:24:44,812.0
50.0,2018-05-23 16:49:28,812.0
50.0,2018-01-20 20:26:40,813.0
25.0,2015-05-01 22:09:38,813.0
25.0,2016-07-16 17:09:35,813.0
25.0,2018-05-12 21:26:26,813.0
25.0,2017-10-30 20:04:10,813.0
25.0,2015-04-05 12:00:27,813.0
50.0,2017-07-10 14:09:57,813.0
25.0,2018-04-11 17:03:10,813.0
50.0,2015-06-09 16:13:43,813.0
50.0,2016-06-09 22:37:43,813.0
25.0,2016-04-08 20:45:24,813.0
25.0,2015-09-16 21:12:18,813.0
25.0,2015-10-14 12:13:52,813.0
25.0,2018-05-23 12:46:54,813.0
50.0,2017-06-22 19:29:41,813.0
25.0,2015-08-19 13:47:19,813.0
25.0,2016-05-08 17:25:01,813.0
25.0,2018-02-01 11:47:33,813.0
25.0,2018-02-27 16:10:17,813.0
25.0,2018-01-12 22:26:59,813.0
25.0,2017-10-11 14:15:33,813.0
25.0,2017-06-10 21:17:13,813.0
50.0,2018-01-06 21:17:07,813.0
25.0,2018-04-21 18:52:02,813.0
50.0,2018-02-13 19:18:44,813.0
25.0,2018-05-24 21:12:52,813.0
25.0,2016-10-03 20:06:43,813.0
25.0,2018-01-15 16:44:29,813.0
250.0,2017-12-05 22:08:55,815.0
250.0,2018-05-20 19:48:24,815.0
100.0,2018-02-01 17:29:21,815.0
100.0,2018-01-28 22:57:07,815.0
250.0,2018-02-09 21:46:56,815.0
75.0,2017-01-08 18:01:39,818.0
50.0,2016-09-13 14:37:26,818.0
50.0,2017-11-02 17:17:38,818.0
50.0,2017-02-23 19:34:25,818.0
50.0,2016-11-15 12:18:27,818.0
50.0,2016-02-18 20:25:10,818.0
50.0,2018-01-24 13:19:49,818.0
75.0,2017-12-02 15:47:28,818.0
50.0,2016-03-04 12:48:31,818.0
2000.0,2017-09-13 22:42:30,821.0
1500.0,2018-01-27 14:56:39,821.0
1500.0,2017-08-28 19:08:08,821.0
1500.0,2018-03-07 11:14:12,821.0
50.0,2016-09-16 15:38:34,822.0
50.0,2017-03-01 18:26:00,822.0
75.0,2017-04-12 11:27:13,822.0
100.0,2017-06-28 21:05:47,824.0
25.0,2017-03-08 21:15:30,827.0
25.0,2017-10-25 19:11:30,827.0
25.0,2018-01-23 15:37:22,827.0
25.0,2016-01-04 14:49:06,827.0
25.0,2017-11-05 14:49:00,827.0
50.0,2016-11-15 21:29:45,827.0
25.0,2018-05-21 16:38:08,832.0
25.0,2018-03-17 16:43:43,832.0
25.0,2017-12-27 20:56:36,833.0
25.0,2018-05-04 19:06:55,833.0
250.0,2018-03-23 12:48:36,835.0
250.0,2018-05-29 15:56:37,835.0
250.0,2017-10-10 14:18:36,835.0
250.0,2018-05-07 13:54:09,835.0
50.0,2017-03-08 22:50:16,838.0
25.0,2015-02-16 19:04:56,838.0
25.0,2015-10-19 12:09:09,838.0
25.0,2015-06-25 20:28:53,838.0
50.0,2016-01-18 16:21:02,838.0
25.0,2015-10-19 17:47:12,838.0
50.0,2017-03-09 15:21:39,838.0
50.0,2016-05-14 19:27:23,838.0
25.0,2016-01-11 20:12:18,838.0
25.0,2017-09-29 16:58:55,838.0
25.0,2016-06-24 22:55:44,838.0
50.0,2016-11-07 13:27:34,838.0
25.0,2017-10-21 15:13:13,838.0
25.0,2017-09-10 16:04:32,838.0
25.0,2017-12-31 14:25:32,838.0
50.0,2016-11-26 16:08:54,839.0
50.0,2017-04-26 19:24:36,839.0
50.0,2018-02-04 13:40:52,839.0
25.0,2016-05-26 12:03:58,839.0
25.0,2017-03-25 22:48:03,839.0
25.0,2016-03-10 12:47:07,839.0
1500.0,2018-04-17 19:00:49,841.0
1500.0,2018-05-09 16:34:43,841.0
25.0,2018-02-06 11:18:32,842.0
50.0,2017-10-05 21:17:55,844.0
25.0,2017-10-04 15:32:14,844.0
25.0,2018-03-17 12:44:46,844.0
50.0,2016-10-08 11:44:58,846.0
25.0,2017-08-21 19:14:11,846.0
50.0,2017-01-01 14:42:25,850.0
75.0,2015-10-19 12:04:56,850.0
75.0,2015-11-27 19:11:28,850.0
50.0,2018-03-04 20:56:59,850.0
50.0,2016-07-18 12:57:21,850.0
50.0,2015-08-14 11:17:06,850.0
50.0,2016-09-07 20:57:40,854.0
50.0,2017-07-01 17:45:31,854.0
75.0,2016-11-30 20:40:13,854.0
50.0,2017-08-05 15:45:25,854.0
50.0,2017-02-07 13:49:21,854.0
75.0,2017-02-20 17:06:29,854.0
50.0,2018-02-22 16:09:52,855.0
25.0,2018-03-05 12:21:09,855.0
50.0,2017-08-29 21:12:22,855.0
25.0,2015-11-23 20:27:57,855.0
25.0,2015-10-30 11:04:51,855.0
25.0,2017-12-18 12:28:45,855.0
25.0,2016-06-17 14:35:21,859.0
25.0,2016-11-27 11:29:24,859.0
50.0,2017-02-14 13:50:18,859.0
50.0,2018-03-28 16:28:55,859.0
50.0,2017-11-22 17:58:38,859.0
25.0,2016-05-17 17:53:20,859.0
25.0,2016-08-01 20:48:00,859.0
25.0,2018-03-04 14:04:45,859.0
50.0,2018-01-09 17:12:01,863.0
50.0,2018-05-28 14:01:40,863.0
50.0,2018-05-03 11:53:01,863.0
25.0,2017-06-09 19:19:20,866.0
50.0,2018-05-24 15:44:45,866.0
25.0,2018-02-11 19:17:53,866.0
25.0,2017-12-27 15:26:52,866.0
25.0,2017-12-11 20:00:56,866.0
50.0,2016-12-07 12:29:14,868.0
50.0,2016-01-03 18:07:10,868.0
25.0,2016-07-12 22:34:59,868.0
25.0,2018-01-27 14:06:03,868.0
50.0,2016-08-02 15:28:58,868.0
25.0,2015-08-07 19:30:33,868.0
25.0,2017-04-16 11:07:19,868.0
25.0,2017-01-30 16:57:47,868.0
25.0,2017-12-31 22:31:05,871.0
50.0,2016-07-31 15:42:42,871.0
25.0,2017-09-20 19:42:50,874.0
25.0,2017-02-20 22:06:19,874.0
50.0,2017-11-26 11:22:11,874.0
50.0,2017-03-20 17:24:24,874.0
25.0,2018-06-02 14:33:35,875.0
25.0,2017-05-27 13:05:17,875.0
50.0,2017-11-01 21:24:12,875.0
25.0,2018-02-25 16:22:01,876.0
50.0,2016-11-02 13:31:29,876.0
25.0,2017-08-26 11:58:30,876.0
25.0,2016-12-25 11:50:16,876.0
25.0,2018-02-27 16:18:53,876.0
25.0,2018-05-06 18:17:58,876.0
50.0,2015-07-07 11:42:56,878.0
50.0,2015-12-26 17:50:03,878.0
25.0,2016-10-31 18:56:40,878.0
25.0,2017-04-08 12:27:01,878.0
25.0,2018-02-20 16:00:30,879.0
50.0,2017-12-31 21:12:37,879.0
25.0,2018-02-19 20:42:46,879.0
50.0,2018-04-13 17:55:54,880.0
50.0,2018-04-12 14:32:56,880.0
25.0,2018-03-15 12:33:31,881.0
25.0,2018-05-26 17:54:33,881.0
25.0,2017-08-06 20:04:40,881.0
25.0,2017-05-08 16:54:55,881.0
25.0,2018-05-02 12:45:24,881.0
25.0,2016-10-21 15:53:56,882.0
50.0,2017-02-08 16:41:19,882.0
50.0,2017-08-30 16:19:53,882.0
25.0,2017-04-23 18:40:02,882.0
1000.0,2016-09-23 19:31:10,883.0
1000.0,2017-12-20 21:22:00,883.0
1500.0,2016-06-19 22:49:05,883.0
1500.0,2016-07-03 15:34:45,883.0
1000.0,2016-10-27 19:10:24,883.0
1000.0,2018-03-13 17:52:36,883.0
1000.0,2017-02-26 20:08:40,883.0
1000.0,2017-07-03 14:24:23,883.0
500.0,2017-02-15 19:38:57,884.0
500.0,2016-12-16 16:39:23,884.0
50.0,2017-08-12 15:06:19,885.0
50.0,2018-02-09 11:27:32,885.0
75.0,2017-05-27 13:23:39,887.0
75.0,2017-10-27 11:09:37,887.0
50.0,2018-02-19 12:06:37,887.0
75.0,2017-07-11 16:09:49,887.0
50.0,2017-09-19 22:11:31,889.0
25.0,2018-02-02 13:59:11,889.0
1500.0,2016-08-28 16:40:42,891.0
1500.0,2018-01-08 18:00:07,891.0
1500.0,2015-12-16 16:52:19,891.0
1500.0,2018-02-27 21:07:24,891.0
2000.0,2017-02-23 22:13:27,891.0
1500.0,2015-10-31 15:19:17,891.0
25.0,2016-12-21 12:37:15,893.0
50.0,2015-02-14 13:13:42,893.0
25.0,2016-02-02 17:32:57,893.0
25.0,2017-03-17 14:47:06,893.0
50.0,2016-12-15 16:21:37,893.0
25.0,2016-10-12 15:33:38,893.0
25.0,2018-01-01 15:52:18,893.0
25.0,2016-08-21 12:07:26,893.0
25.0,2018-04-24 22:37:13,894.0
25.0,2018-02-14 18:08:23,894.0
25.0,2017-11-06 17:09:34,894.0
25.0,2017-06-29 12:49:15,894.0
25.0,2018-02-10 22:09:06,894.0
25.0,2015-11-16 17:14:25,894.0
25.0,2015-04-22 19:23:19,894.0
50.0,2017-11-08 15:45:37,894.0
50.0,2017-08-08 18:57:13,895.0
25.0,2018-02-05 20:07:44,895.0
25.0,2018-05-27 11:05:27,895.0
50.0,2016-02-05 21:51:55,896.0
50.0,2018-01-20 12:03:47,896.0
50.0,2015-04-02 13:36:28,896.0
50.0,2016-02-13 21:51:21,896.0
75.0,2018-05-19 20:22:23,896.0
75.0,2018-03-30 14:50:58,896.0
75.0,2016-10-11 11:24:09,896.0
50.0,2016-05-13 17:33:34,896.0
25.0,2017-11-08 22:32:51,899.0
25.0,2017-12-24 19:51:34,899.0
25.0,2015-07-20 21:22:23,899.0
25.0,2015-03-31 22:57:14,899.0
25.0,2015-12-13 12:59:05,902.0
25.0,2018-03-14 22:35:29,902.0
25.0,2018-05-02 17:44:39,902.0
25.0,2016-07-09 15:12:59,902.0
25.0,2016-08-25 22:23:45,903.0
25.0,2016-12-19 14:29:23,903.0
25.0,2017-12-27 11:31:15,903.0
25.0,2018-02-06 19:32:37,903.0
25.0,2018-03-22 18:34:34,903.0
25.0,2018-03-23 17:36:12,903.0
25.0,2017-06-20 11:38:51,904.0
25.0,2017-03-08 11:01:56,904.0
50.0,2015-08-13 15:21:31,904.0
25.0,2016-02-27 14:09:11,904.0
50.0,2017-11-20 19:12:59,904.0
50.0,2016-04-25 13:49:40,904.0
25.0,2016-10-15 20:52:58,904.0
50.0,2016-03-05 13:06:42,904.0
25.0,2017-08-01 16:59:40,906.0
25.0,2017-10-16 21:01:36,906.0
50.0,2017-02-16 20:59:12,906.0
25.0,2017-04-08 17:51:28,906.0
250.0,2017-11-15 15:05:41,907.0
100.0,2017-07-02 15:15:17,907.0
100.0,2017-09-21 15:28:16,907.0
100.0,2015-12-31 13:29:20,907.0
100.0,2017-06-02 22:05:57,907.0
100.0,2017-07-21 16:14:55,907.0
100.0,2015-09-02 18:45:38,907.0
100.0,2017-11-30 12:50:24,907.0
100.0,2016-04-03 22:56:21,907.0
100.0,2018-01-13 18:54:00,907.0
250.0,2016-10-07 15:14:14,907.0
100.0,2016-05-25 22:35:27,907.0
50.0,2016-04-22 15:44:53,908.0
25.0,2018-04-25 20:05:41,908.0
25.0,2016-09-15 16:00:42,908.0
50.0,2018-02-01 19:06:09,908.0
25.0,2017-12-28 15:23:20,908.0
25.0,2017-11-21 20:44:58,908.0
1500.0,2018-05-08 15:59:35,910.0
1000.0,2018-01-29 11:49:35,910.0
25.0,2018-05-07 11:26:37,912.0
25.0,2018-03-07 17:45:30,912.0
50.0,2017-06-17 11:12:40,915.0
50.0,2016-10-22 20:34:22,915.0
50.0,2018-06-03 19:19:59,915.0
50.0,2017-04-22 19:04:09,915.0
25.0,2016-08-01 11:21:14,915.0
50.0,2018-03-19 14:48:50,915.0
25.0,2015-12-17 19:24:00,915.0
25.0,2015-07-16 13:05:02,915.0
50.0,2015-09-25 21:49:52,915.0
25.0,2016-04-04 11:05:54,915.0
50.0,2017-04-07 14:53:04,915.0
50.0,2016-08-22 11:54:15,915.0
25.0,2018-04-11 22:53:46,916.0
25.0,2018-02-12 13:23:47,916.0
25.0,2018-02-26 22:11:24,916.0
50.0,2018-03-19 15:51:36,917.0
25.0,2018-05-31 18:26:46,917.0
50.0,2017-07-12 22:35:51,917.0
1000.0,2017-11-18 22:25:38,919.0
500.0,2018-02-09 13:28:08,919.0
50.0,2017-06-02 16:51:40,920.0
50.0,2017-01-17 18:30:57,920.0
25.0,2017-04-02 17:33:09,921.0
50.0,2017-12-14 22:12:47,921.0
25.0,2018-03-17 22:23:00,921.0
50.0,2017-02-18 17:14:26,923.0
50.0,2018-04-23 13:37:13,923.0
50.0,2017-07-22 15:57:38,923.0
75.0,2017-05-10 12:51:33,923.0
75.0,2017-03-25 14:42:11,923.0
50.0,2017-06-18 13:32:34,923.0
25.0,2018-05-22 16:24:25,924.0
50.0,2018-04-05 13:36:40,924.0
25.0,2018-03-05 19:55:37,925.0
50.0,2017-10-01 19:18:43,925.0
25.0,2015-06-14 11:48:28,925.0
50.0,2016-06-11 16:07:27,925.0
25.0,2018-03-26 22:31:54,925.0
25.0,2017-11-09 22:38:06,925.0
25.0,2018-03-04 20:06:51,926.0
25.0,2017-05-04 18:47:11,926.0
25.0,2017-04-07 14:21:34,926.0
25.0,2017-04-12 20:19:12,926.0
100.0,2018-03-14 11:22:06,929.0
100.0,2015-08-30 15:22:21,929.0
250.0,2017-05-07 18:57:27,929.0
100.0,2015-11-06 11:04:37,929.0
100.0,2016-11-01 13:41:18,929.0
100.0,2015-08-08 12:34:03,929.0
250.0,2017-10-31 15:22:31,929.0
100.0,2017-11-17 14:41:29,929.0
100.0,2018-02-22 16:03:49,932.0
75.0,2017-04-24 16:47:23,932.0
75.0,2017-02-10 14:54:21,932.0
100.0,2015-08-09 17:55:18,932.0
75.0,2016-11-11 13:29:50,932.0
75.0,2016-05-04 22:01:24,932.0
75.0,2015-08-26 15:50:42,932.0
75.0,2015-10-15 17:58:02,932.0
25.0,2018-05-16 19:11:06,933.0
25.0,2017-12-25 16:51:22,938.0
50.0,2016-09-09 13:29:18,939.0
50.0,2017-11-05 18:24:57,939.0
50.0,2016-05-02 18:26:26,939.0
50.0,2017-11-28 13:54:29,939.0
50.0,2018-04-24 22:42:12,939.0
50.0,2017-09-22 15:18:25,939.0
50.0,2018-04-24 20:19:14,939.0
50.0,2018-01-04 19:18:46,939.0
75.0,2017-09-14 11:42:07,939.0
50.0,2017-04-25 20:05:05,939.0
75.0,2016-12-17 21:56:58,939.0
50.0,2016-09-03 22:31:50,939.0
25.0,2016-09-12 22:08:40,940.0
25.0,2016-01-31 22:11:14,940.0
25.0,2015-11-25 22:07:58,940.0
50.0,2017-07-02 14:05:52,940.0
25.0,2015-07-12 11:46:17,940.0
25.0,2016-06-29 18:53:41,940.0
50.0,2015-09-30 12:01:01,940.0
25.0,2016-04-18 19:09:47,940.0
25.0,2018-02-15 19:02:05,941.0
25.0,2015-06-23 17:14:05,941.0
25.0,2017-01-31 15:05:17,941.0
50.0,2015-07-30 18:47:31,941.0
25.0,2015-07-28 18:29:25,941.0
25.0,2018-02-01 14:04:08,941.0
25.0,2017-01-18 14:39:58,941.0
25.0,2016-08-15 14:22:14,941.0
50.0,2016-05-21 15:10:50,941.0
25.0,2016-11-24 11:17:50,941.0
25.0,2016-11-09 22:46:51,941.0
25.0,2015-07-27 20:03:45,941.0
50.0,2018-03-22 12:26:49,944.0
50.0,2018-06-01 18:43:28,944.0
25.0,2018-05-08 21:51:11,945.0
50.0,2018-03-02 21:58:34,945.0
50.0,2017-04-08 21:46:33,947.0
25.0,2017-12-14 22:10:44,947.0
25.0,2018-05-19 20:26:59,947.0
50.0,2017-05-26 19:40:59,947.0
25.0,2017-01-16 21:15:38,949.0
50.0,2018-01-29 11:42:30,949.0
50.0,2017-09-17 22:40:28,949.0
25.0,2018-04-29 22:50:09,949.0
75.0,2018-05-17 18:29:13,950.0
75.0,2017-03-28 22:23:26,950.0
75.0,2016-05-22 21:14:09,951.0
100.0,2017-06-08 12:41:14,951.0
75.0,2018-04-22 18:17:22,951.0
75.0,2018-02-21 11:38:20,951.0
75.0,2016-11-04 12:53:37,951.0
100.0,2017-02-12 16:25:19,951.0
75.0,2016-08-25 13:23:39,951.0
75.0,2017-03-11 18:51:49,951.0
75.0,2018-01-29 17:00:42,951.0
75.0,2016-10-29 14:47:35,951.0
25.0,2018-01-18 16:22:17,953.0
25.0,2017-03-08 13:29:12,953.0
50.0,2018-04-12 22:45:53,953.0
25.0,2018-03-22 21:47:13,953.0
25.0,2017-05-23 12:40:25,954.0
25.0,2017-08-01 19:58:09,954.0
25.0,2017-09-21 15:21:26,954.0
25.0,2017-08-26 15:29:37,954.0
50.0,2017-11-15 13:48:39,954.0
50.0,2018-04-11 19:38:16,954.0
50.0,2017-11-13 12:47:44,955.0
25.0,2017-11-10 20:49:14,955.0
25.0,2018-04-07 17:13:15,955.0
25.0,2018-05-30 13:42:53,955.0
25.0,2018-05-03 14:51:38,955.0
1000.0,2016-10-21 11:48:05,956.0
1500.0,2017-11-09 13:22:39,956.0
100.0,2018-03-04 12:00:34,958.0
100.0,2016-09-23 13:00:34,958.0
25.0,2018-02-16 14:40:55,964.0
50.0,2017-07-09 11:05:21,964.0
75.0,2017-05-02 15:09:53,970.0
2000.0,2018-03-29 13:05:37,973.0
50.0,2018-01-10 11:58:59,976.0
25.0,2017-12-25 20:44:35,976.0
50.0,2018-03-12 19:38:49,976.0
25.0,2018-01-02 22:40:57,976.0
25.0,2017-12-08 14:52:18,978.0
50.0,2017-01-03 14:28:10,978.0
50.0,2015-08-17 11:53:48,978.0
25.0,2015-07-26 16:35:48,980.0
25.0,2017-02-13 20:59:51,980.0
50.0,2017-07-28 12:16:17,980.0
50.0,2015-11-14 14:47:44,980.0
25.0,2018-03-26 21:55:02,981.0
50.0,2015-09-06 21:00:28,982.0
25.0,2016-05-07 17:25:54,982.0
25.0,2018-04-15 11:05:40,982.0
25.0,2015-07-24 21:11:09,982.0
25.0,2016-11-10 11:02:21,982.0
25.0,2015-09-11 22:02:51,982.0
25.0,2017-10-25 18:45:23,982.0
25.0,2017-01-07 21:47:18,982.0
50.0,2018-05-12 20:03:32,982.0
25.0,2018-02-02 14:18:15,984.0
100.0,2016-08-12 20:17:18,987.0
100.0,2016-10-18 19:54:24,987.0
100.0,2018-01-19 20:16:48,987.0
250.0,2017-07-28 13:42:15,987.0
25.0,2017-09-18 22:11:59,988.0
25.0,2017-12-03 19:51:59,988.0
25.0,2017-10-05 19:27:39,988.0
50.0,2016-11-11 12:30:34,988.0
25.0,2016-07-13 14:40:56,988.0
25.0,2017-10-26 16:52:38,988.0
25.0,2018-02-02 14:26:41,989.0
50.0,2017-06-17 11:05:25,989.0
25.0,2018-06-01 21:15:15,989.0
50.0,2015-06-24 22:41:28,989.0
25.0,2016-03-05 16:16:29,989.0
25.0,2018-05-01 17:43:04,989.0
25.0,2015-06-28 17:21:37,989.0
25.0,2016-05-21 17:43:15,989.0
50.0,2017-07-01 11:22:20,989.0
25.0,2017-12-24 18:18:19,990.0
25.0,2016-10-27 21:27:47,991.0
25.0,2017-08-06 13:35:26,991.0
25.0,2015-09-09 12:59:57,992.0
50.0,2018-05-20 11:55:44,992.0
25.0,2016-09-06 18:45:57,992.0
25.0,2016-05-12 13:25:05,992.0
25.0,2016-03-17 13:39:40,992.0
25.0,2015-10-30 15:19:41,992.0
25.0,2017-12-10 13:44:52,992.0
25.0,2017-02-13 13:24:03,992.0
50.0,2016-08-30 11:27:38,992.0
50.0,2016-09-03 18:16:54,992.0
25.0,2016-09-21 15:22:51,992.0
25.0,2016-09-02 11:20:00,992.0
50.0,2017-11-02 12:17:06,993.0
1000.0,2016-09-13 21:09:47,995.0
1000.0,2017-09-29 20:03:01,995.0
50.0,2018-01-03 19:24:24,998.0
