Source,Date,Mean
GCAG,2016-12-06,0.7895
GISTEMP,2016-12-06,0.81
GCAG,2016-11-06,0.7504
GISTEMP,2016-11-06,0.93
GCAG,2016-10-06,0.7292
GISTEMP,2016-10-06,0.89
GCAG,2016-09-06,0.8767
GISTEMP,2016-09-06,0.87
GCAG,2016-08-06,0.8998
GISTEMP,2016-08-06,0.98
GCAG,2016-07-06,0.8687
GISTEMP,2016-07-06,0.83
GCAG,2016-06-06,0.9006
GISTEMP,2016-06-06,0.76
GCAG,2016-05-06,0.8738
GISTEMP,2016-05-06,0.93
GCAG,2016-04-06,1.0733
GISTEMP,2016-04-06,1.09
GCAG,2016-03-06,1.2245
GISTEMP,2016-03-06,1.3
GCAG,2016-02-06,1.1921
GISTEMP,2016-02-06,1.35
GCAG,2016-01-06,1.0569
GISTEMP,2016-01-06,1.17
GCAG,2015-12-06,1.1219
GISTEMP,2015-12-06,1.11
GCAG,2015-11-06,0.9655
GISTEMP,2015-11-06,1.04
GCAG,2015-10-06,0.9913
GISTEMP,2015-10-06,1.06
GCAG,2015-09-06,0.9260
GISTEMP,2015-09-06,0.81
GCAG,2015-08-06,0.8746
GISTEMP,2015-08-06,0.78
GCAG,2015-07-06,0.8072
GISTEMP,2015-07-06,0.71
GCAG,2015-06-06,0.8835
GISTEMP,2015-06-06,0.78
GCAG,2015-05-06,0.8584
GISTEMP,2015-05-06,0.78
GCAG,2015-04-06,0.7741
GISTEMP,2015-04-06,0.74
GCAG,2015-03-06,0.8969
GISTEMP,2015-03-06,0.9
GCAG,2015-02-06,0.8843
GISTEMP,2015-02-06,0.86
GCAG,2015-01-06,0.8141
GISTEMP,2015-01-06,0.81
GCAG,2014-12-06,0.8308
GISTEMP,2014-12-06,0.79
GCAG,2014-11-06,0.6895
GISTEMP,2014-11-06,0.67
GCAG,2014-10-06,0.7851
GISTEMP,2014-10-06,0.85
GCAG,2014-09-06,0.7872
GISTEMP,2014-09-06,0.9
GCAG,2014-08-06,0.7986
GISTEMP,2014-08-06,0.82
GCAG,2014-07-06,0.6988
GISTEMP,2014-07-06,0.57
GCAG,2014-06-06,0.7623
GISTEMP,2014-06-06,0.66
GCAG,2014-05-06,0.7938
GISTEMP,2014-05-06,0.87
GCAG,2014-04-06,0.8006
GISTEMP,2014-04-06,0.78
GCAG,2014-03-06,0.7695
GISTEMP,2014-03-06,0.77
GCAG,2014-02-06,0.4800
GISTEMP,2014-02-06,0.51
GCAG,2014-01-06,0.6936
GISTEMP,2014-01-06,0.73
GCAG,2013-12-06,0.6981
GISTEMP,2013-12-06,0.67
GCAG,2013-11-06,0.8293
GISTEMP,2013-11-06,0.81
GCAG,2013-10-06,0.6787
GISTEMP,2013-10-06,0.69
GCAG,2013-09-06,0.6857
GISTEMP,2013-09-06,0.78
GCAG,2013-08-06,0.6605
GISTEMP,2013-08-06,0.66
GCAG,2013-07-06,0.6662
GISTEMP,2013-07-06,0.59
GCAG,2013-06-06,0.6838
GISTEMP,2013-06-06,0.65
GCAG,2013-05-06,0.7141
GISTEMP,2013-05-06,0.61
GCAG,2013-04-06,0.5610
GISTEMP,2013-04-06,0.52
GCAG,2013-03-06,0.6139
GISTEMP,2013-03-06,0.66
GCAG,2013-02-06,0.6357
GISTEMP,2013-02-06,0.55
GCAG,2013-01-06,0.5873
GISTEMP,2013-01-06,0.68
GCAG,2012-12-06,0.4655
GISTEMP,2012-12-06,0.53
GCAG,2012-11-06,0.7087
GISTEMP,2012-11-06,0.75
GCAG,2012-10-06,0.7022
GISTEMP,2012-10-06,0.78
GCAG,2012-09-06,0.7266
GISTEMP,2012-09-06,0.76
GCAG,2012-08-06,0.6694
GISTEMP,2012-08-06,0.63
GCAG,2012-07-06,0.6884
GISTEMP,2012-07-06,0.57
GCAG,2012-06-06,0.7039
GISTEMP,2012-06-06,0.62
GCAG,2012-05-06,0.7221
GISTEMP,2012-05-06,0.76
GCAG,2012-04-06,0.7335
GISTEMP,2012-04-06,0.69
GCAG,2012-03-06,0.5218
GISTEMP,2012-03-06,0.58
GCAG,2012-02-06,0.4235
GISTEMP,2012-02-06,0.49
GCAG,2012-01-06,0.4228
GISTEMP,2012-01-06,0.46
GCAG,2011-12-06,0.5485
GISTEMP,2011-12-06,0.54
GCAG,2011-11-06,0.4857
GISTEMP,2011-11-06,0.56
GCAG,2011-10-06,0.6349
GISTEMP,2011-10-06,0.66
GCAG,2011-09-06,0.5998
GISTEMP,2011-09-06,0.56
GCAG,2011-08-06,0.6160
GISTEMP,2011-08-06,0.73
GCAG,2011-07-06,0.6282
GISTEMP,2011-07-06,0.73
GCAG,2011-06-06,0.6465
GISTEMP,2011-06-06,0.59
GCAG,2011-05-06,0.5741
GISTEMP,2011-05-06,0.53
GCAG,2011-04-06,0.6522
GISTEMP,2011-04-06,0.65
GCAG,2011-03-06,0.5915
GISTEMP,2011-03-06,0.64
GCAG,2011-02-06,0.4976
GISTEMP,2011-02-06,0.53
GCAG,2011-01-06,0.4706
GISTEMP,2011-01-06,0.51
GCAG,2010-12-06,0.4894
GISTEMP,2010-12-06,0.49
GCAG,2010-11-06,0.7682
GISTEMP,2010-11-06,0.79
GCAG,2010-10-06,0.6268
GISTEMP,2010-10-06,0.71
GCAG,2010-09-06,0.5724
GISTEMP,2010-09-06,0.61
GCAG,2010-08-06,0.6595
GISTEMP,2010-08-06,0.65
GCAG,2010-07-06,0.7287
GISTEMP,2010-07-06,0.62
GCAG,2010-06-06,0.7339
GISTEMP,2010-06-06,0.64
GCAG,2010-05-06,0.7582
GISTEMP,2010-05-06,0.75
GCAG,2010-04-06,0.8287
GISTEMP,2010-04-06,0.87
GCAG,2010-03-06,0.8470
GISTEMP,2010-03-06,0.92
GCAG,2010-02-06,0.7080
GISTEMP,2010-02-06,0.78
GCAG,2010-01-06,0.6958
GISTEMP,2010-01-06,0.73
GCAG,2009-12-06,0.6176
GISTEMP,2009-12-06,0.65
GCAG,2009-11-06,0.6716
GISTEMP,2009-11-06,0.77
GCAG,2009-10-06,0.6418
GISTEMP,2009-10-06,0.64
GCAG,2009-09-06,0.7083
GISTEMP,2009-09-06,0.7
GCAG,2009-08-06,0.6998
GISTEMP,2009-08-06,0.66
GCAG,2009-07-06,0.6439
GISTEMP,2009-07-06,0.72
GCAG,2009-06-06,0.6741
GISTEMP,2009-06-06,0.65
GCAG,2009-05-06,0.5868
GISTEMP,2009-05-06,0.65
GCAG,2009-04-06,0.6539
GISTEMP,2009-04-06,0.61
GCAG,2009-03-06,0.5794
GISTEMP,2009-03-06,0.53
GCAG,2009-02-06,0.5679
GISTEMP,2009-02-06,0.53
GCAG,2009-01-06,0.5955
GISTEMP,2009-01-06,0.62
GCAG,2008-12-06,0.5635
GISTEMP,2008-12-06,0.54
GCAG,2008-11-06,0.6703
GISTEMP,2008-11-06,0.66
GCAG,2008-10-06,0.6690
GISTEMP,2008-10-06,0.67
GCAG,2008-09-06,0.5318
GISTEMP,2008-09-06,0.65
GCAG,2008-08-06,0.5594
GISTEMP,2008-08-06,0.44
GCAG,2008-07-06,0.5796
GISTEMP,2008-07-06,0.6
GCAG,2008-06-06,0.5314
GISTEMP,2008-06-06,0.48
GCAG,2008-05-06,0.5011
GISTEMP,2008-05-06,0.51
GCAG,2008-04-06,0.4827
GISTEMP,2008-04-06,0.53
GCAG,2008-03-06,0.7625
GISTEMP,2008-03-06,0.73
GCAG,2008-02-06,0.3774
GISTEMP,2008-02-06,0.36
GCAG,2008-01-06,0.2746
GISTEMP,2008-01-06,0.24
GCAG,2007-12-06,0.4872
GISTEMP,2007-12-06,0.5
GCAG,2007-11-06,0.5172
GISTEMP,2007-11-06,0.57
GCAG,2007-10-06,0.5670
GISTEMP,2007-10-06,0.6
GCAG,2007-09-06,0.5775
GISTEMP,2007-09-06,0.64
GCAG,2007-08-06,0.5509
GISTEMP,2007-08-06,0.6
GCAG,2007-07-06,0.5286
GISTEMP,2007-07-06,0.62
GCAG,2007-06-06,0.5374
GISTEMP,2007-06-06,0.58
GCAG,2007-05-06,0.6090
GISTEMP,2007-05-06,0.67
GCAG,2007-04-06,0.7336
GISTEMP,2007-04-06,0.76
GCAG,2007-03-06,0.6668
GISTEMP,2007-03-06,0.7
GCAG,2007-02-06,0.6609
GISTEMP,2007-02-06,0.7
GCAG,2007-01-06,0.8839
GISTEMP,2007-01-06,0.96
GCAG,2006-12-06,0.7692
GISTEMP,2006-12-06,0.77
GCAG,2006-11-06,0.6449
GISTEMP,2006-11-06,0.72
GCAG,2006-10-06,0.6774
GISTEMP,2006-10-06,0.69
GCAG,2006-09-06,0.6337
GISTEMP,2006-09-06,0.64
GCAG,2006-08-06,0.6231
GISTEMP,2006-08-06,0.72
GCAG,2006-07-06,0.6218
GISTEMP,2006-07-06,0.54
GCAG,2006-06-06,0.6399
GISTEMP,2006-06-06,0.64
GCAG,2006-05-06,0.5499
GISTEMP,2006-05-06,0.47
GCAG,2006-04-06,0.5177
GISTEMP,2006-04-06,0.5
GCAG,2006-03-06,0.5931
GISTEMP,2006-03-06,0.63
GCAG,2006-02-06,0.6221
GISTEMP,2006-02-06,0.7
GCAG,2006-01-06,0.4567
GISTEMP,2006-01-06,0.57
GCAG,2005-12-06,0.6235
GISTEMP,2005-12-06,0.68
GCAG,2005-11-06,0.7280
GISTEMP,2005-11-06,0.76
GCAG,2005-10-06,0.6930
GISTEMP,2005-10-06,0.8
GCAG,2005-09-06,0.6867
GISTEMP,2005-09-06,0.78
GCAG,2005-08-06,0.6247
GISTEMP,2005-08-06,0.63
GCAG,2005-07-06,0.6572
GISTEMP,2005-07-06,0.66
GCAG,2005-06-06,0.6722
GISTEMP,2005-06-06,0.67
GCAG,2005-05-06,0.6573
GISTEMP,2005-05-06,0.65
GCAG,2005-04-06,0.7314
GISTEMP,2005-04-06,0.69
GCAG,2005-03-06,0.6918
GISTEMP,2005-03-06,0.69
GCAG,2005-02-06,0.5143
GISTEMP,2005-02-06,0.58
GCAG,2005-01-06,0.6223
GISTEMP,2005-01-06,0.72
GCAG,2004-12-06,0.5081
GISTEMP,2004-12-06,0.52
GCAG,2004-11-06,0.7601
GISTEMP,2004-11-06,0.72
GCAG,2004-10-06,0.6177
GISTEMP,2004-10-06,0.66
GCAG,2004-09-06,0.5331
GISTEMP,2004-09-06,0.53
GCAG,2004-08-06,0.5141
GISTEMP,2004-08-06,0.45
GCAG,2004-07-06,0.4806
GISTEMP,2004-07-06,0.26
GCAG,2004-06-06,0.4707
GISTEMP,2004-06-06,0.43
GCAG,2004-05-06,0.4442
GISTEMP,2004-05-06,0.42
GCAG,2004-04-06,0.5940
GISTEMP,2004-04-06,0.62
GCAG,2004-03-06,0.6964
GISTEMP,2004-03-06,0.64
GCAG,2004-02-06,0.7232
GISTEMP,2004-02-06,0.71
GCAG,2004-01-06,0.5979
GISTEMP,2004-01-06,0.59
GCAG,2003-12-06,0.7361
GISTEMP,2003-12-06,0.75
GCAG,2003-11-06,0.5784
GISTEMP,2003-11-06,0.55
GCAG,2003-10-06,0.7271
GISTEMP,2003-10-06,0.75
GCAG,2003-09-06,0.6412
GISTEMP,2003-09-06,0.66
GCAG,2003-08-06,0.6202
GISTEMP,2003-08-06,0.66
GCAG,2003-07-06,0.5408
GISTEMP,2003-07-06,0.55
GCAG,2003-06-06,0.5381
GISTEMP,2003-06-06,0.49
GCAG,2003-05-06,0.5954
GISTEMP,2003-05-06,0.62
GCAG,2003-04-06,0.5601
GISTEMP,2003-04-06,0.55
GCAG,2003-03-06,0.5702
GISTEMP,2003-03-06,0.57
GCAG,2003-02-06,0.5626
GISTEMP,2003-02-06,0.55
GCAG,2003-01-06,0.6907
GISTEMP,2003-01-06,0.73
GCAG,2002-12-06,0.4366
GISTEMP,2002-12-06,0.43
GCAG,2002-11-06,0.5918
GISTEMP,2002-11-06,0.59
GCAG,2002-10-06,0.4773
GISTEMP,2002-10-06,0.57
GCAG,2002-09-06,0.5661
GISTEMP,2002-09-06,0.65
GCAG,2002-08-06,0.5359
GISTEMP,2002-08-06,0.55
GCAG,2002-07-06,0.6229
GISTEMP,2002-07-06,0.62
GCAG,2002-06-06,0.5890
GISTEMP,2002-06-06,0.54
GCAG,2002-05-06,0.5656
GISTEMP,2002-05-06,0.65
GCAG,2002-04-06,0.5725
GISTEMP,2002-04-06,0.58
GCAG,2002-03-06,0.7887
GISTEMP,2002-03-06,0.91
GCAG,2002-02-06,0.7846
GISTEMP,2002-02-06,0.76
GCAG,2002-01-06,0.6962
GISTEMP,2002-01-06,0.75
GCAG,2001-12-06,0.5128
GISTEMP,2001-12-06,0.55
GCAG,2001-11-06,0.6880
GISTEMP,2001-11-06,0.7
GCAG,2001-10-06,0.5006
GISTEMP,2001-10-06,0.52
GCAG,2001-09-06,0.5050
GISTEMP,2001-09-06,0.56
GCAG,2001-08-06,0.6032
GISTEMP,2001-08-06,0.49
GCAG,2001-07-06,0.5586
GISTEMP,2001-07-06,0.61
GCAG,2001-06-06,0.5373
GISTEMP,2001-06-06,0.55
GCAG,2001-05-06,0.5997
GISTEMP,2001-05-06,0.59
GCAG,2001-04-06,0.5666
GISTEMP,2001-04-06,0.52
GCAG,2001-03-06,0.6293
GISTEMP,2001-03-06,0.58
GCAG,2001-02-06,0.3946
GISTEMP,2001-02-06,0.46
GCAG,2001-01-06,0.4720
GISTEMP,2001-01-06,0.44
GCAG,2000-12-06,0.3192
GISTEMP,2000-12-06,0.3
GCAG,2000-11-06,0.2557
GISTEMP,2000-11-06,0.34
GCAG,2000-10-06,0.3027
GISTEMP,2000-10-06,0.3
GCAG,2000-09-06,0.4384
GISTEMP,2000-09-06,0.42
GCAG,2000-08-06,0.4557
GISTEMP,2000-08-06,0.43
GCAG,2000-07-06,0.3919
GISTEMP,2000-07-06,0.42
GCAG,2000-06-06,0.4076
GISTEMP,2000-06-06,0.44
GCAG,2000-05-06,0.4657
GISTEMP,2000-05-06,0.4
GCAG,2000-04-06,0.6311
GISTEMP,2000-04-06,0.59
GCAG,2000-03-06,0.5561
GISTEMP,2000-03-06,0.6
GCAG,2000-02-06,0.5439
GISTEMP,2000-02-06,0.58
GCAG,2000-01-06,0.3467
GISTEMP,2000-01-06,0.26
GCAG,1999-12-06,0.5779
GISTEMP,1999-12-06,0.46
GCAG,1999-11-06,0.3688
GISTEMP,1999-11-06,0.42
GCAG,1999-10-06,0.3773
GISTEMP,1999-10-06,0.43
GCAG,1999-09-06,0.3976
GISTEMP,1999-09-06,0.43
GCAG,1999-08-06,0.3695
GISTEMP,1999-08-06,0.34
GCAG,1999-07-06,0.4029
GISTEMP,1999-07-06,0.41
GCAG,1999-06-06,0.4203
GISTEMP,1999-06-06,0.37
GCAG,1999-05-06,0.4086
GISTEMP,1999-05-06,0.33
GCAG,1999-04-06,0.4590
GISTEMP,1999-04-06,0.34
GCAG,1999-03-06,0.3702
GISTEMP,1999-03-06,0.34
GCAG,1999-02-06,0.6733
GISTEMP,1999-02-06,0.66
GCAG,1999-01-06,0.5007
GISTEMP,1999-01-06,0.48
GCAG,1998-12-06,0.5796
GISTEMP,1998-12-06,0.56
GCAG,1998-11-06,0.4132
GISTEMP,1998-11-06,0.5
GCAG,1998-10-06,0.4965
GISTEMP,1998-10-06,0.47
GCAG,1998-09-06,0.5271
GISTEMP,1998-09-06,0.45
GCAG,1998-08-06,0.6816
GISTEMP,1998-08-06,0.68
GCAG,1998-07-06,0.7358
GISTEMP,1998-07-06,0.71
GCAG,1998-06-06,0.6657
GISTEMP,1998-06-06,0.78
GCAG,1998-05-06,0.6679
GISTEMP,1998-05-06,0.71
GCAG,1998-04-06,0.7358
GISTEMP,1998-04-06,0.64
GCAG,1998-03-06,0.6396
GISTEMP,1998-03-06,0.63
GCAG,1998-02-06,0.8660
GISTEMP,1998-02-06,0.9
GCAG,1998-01-06,0.6042
GISTEMP,1998-01-06,0.61
GCAG,1997-12-06,0.6302
GISTEMP,1997-12-06,0.6
GCAG,1997-11-06,0.5865
GISTEMP,1997-11-06,0.66
GCAG,1997-10-06,0.6487
GISTEMP,1997-10-06,0.64
GCAG,1997-09-06,0.6250
GISTEMP,1997-09-06,0.56
GCAG,1997-08-06,0.5491
GISTEMP,1997-08-06,0.43
GCAG,1997-07-06,0.5101
GISTEMP,1997-07-06,0.35
GCAG,1997-06-06,0.5308
GISTEMP,1997-06-06,0.55
GCAG,1997-05-06,0.4235
GISTEMP,1997-05-06,0.39
GCAG,1997-04-06,0.4551
GISTEMP,1997-04-06,0.38
GCAG,1997-03-06,0.4617
GISTEMP,1997-03-06,0.52
GCAG,1997-02-06,0.4288
GISTEMP,1997-02-06,0.37
GCAG,1997-01-06,0.3746
GISTEMP,1997-01-06,0.33
GCAG,1996-12-06,0.3893
GISTEMP,1996-12-06,0.41
GCAG,1996-11-06,0.2816
GISTEMP,1996-11-06,0.42
GCAG,1996-10-06,0.2276
GISTEMP,1996-10-06,0.2
GCAG,1996-09-06,0.2696
GISTEMP,1996-09-06,0.27
GCAG,1996-08-06,0.3206
GISTEMP,1996-08-06,0.49
GCAG,1996-07-06,0.3238
GISTEMP,1996-07-06,0.37
GCAG,1996-06-06,0.3547
GISTEMP,1996-06-06,0.27
GCAG,1996-05-06,0.3908
GISTEMP,1996-05-06,0.3
GCAG,1996-04-06,0.2725
GISTEMP,1996-04-06,0.38
GCAG,1996-03-06,0.3242
GISTEMP,1996-03-06,0.34
GCAG,1996-02-06,0.4562
GISTEMP,1996-02-06,0.5
GCAG,1996-01-06,0.2625
GISTEMP,1996-01-06,0.27
GCAG,1995-12-06,0.3477
GISTEMP,1995-12-06,0.3
GCAG,1995-11-06,0.4550
GISTEMP,1995-11-06,0.45
GCAG,1995-10-06,0.4376
GISTEMP,1995-10-06,0.49
GCAG,1995-09-06,0.3865
GISTEMP,1995-09-06,0.34
GCAG,1995-08-06,0.5056
GISTEMP,1995-08-06,0.48
GCAG,1995-07-06,0.4295
GISTEMP,1995-07-06,0.49
GCAG,1995-06-06,0.4657
GISTEMP,1995-06-06,0.45
GCAG,1995-05-06,0.3537
GISTEMP,1995-05-06,0.29
GCAG,1995-04-06,0.4097
GISTEMP,1995-04-06,0.47
GCAG,1995-03-06,0.4637
GISTEMP,1995-03-06,0.45
GCAG,1995-02-06,0.6895
GISTEMP,1995-02-06,0.77
GCAG,1995-01-06,0.5487
GISTEMP,1995-01-06,0.5
GCAG,1994-12-06,0.4009
GISTEMP,1994-12-06,0.36
GCAG,1994-11-06,0.4530
GISTEMP,1994-11-06,0.46
GCAG,1994-10-06,0.4273
GISTEMP,1994-10-06,0.42
GCAG,1994-09-06,0.3300
GISTEMP,1994-09-06,0.32
GCAG,1994-08-06,0.3119
GISTEMP,1994-08-06,0.23
GCAG,1994-07-06,0.3155
GISTEMP,1994-07-06,0.32
GCAG,1994-06-06,0.3870
GISTEMP,1994-06-06,0.42
GCAG,1994-05-06,0.3819
GISTEMP,1994-05-06,0.29
GCAG,1994-04-06,0.3568
GISTEMP,1994-04-06,0.41
GCAG,1994-03-06,0.3568
GISTEMP,1994-03-06,0.26
GCAG,1994-02-06,0.0791
GISTEMP,1994-02-06,0.04
GCAG,1994-01-06,0.2902
GISTEMP,1994-01-06,0.3
GCAG,1993-12-06,0.3188
GISTEMP,1993-12-06,0.19
GCAG,1993-11-06,0.0920
GISTEMP,1993-11-06,0.07
GCAG,1993-10-06,0.2442
GISTEMP,1993-10-06,0.24
GCAG,1993-09-06,0.1692
GISTEMP,1993-09-06,0.11
GCAG,1993-08-06,0.2118
GISTEMP,1993-08-06,0.13
GCAG,1993-07-06,0.2336
GISTEMP,1993-07-06,0.28
GCAG,1993-06-06,0.2930
GISTEMP,1993-06-06,0.24
GCAG,1993-05-06,0.3438
GISTEMP,1993-05-06,0.26
GCAG,1993-04-06,0.3155
GISTEMP,1993-04-06,0.28
GCAG,1993-03-06,0.4208
GISTEMP,1993-03-06,0.36
GCAG,1993-02-06,0.3967
GISTEMP,1993-02-06,0.39
GCAG,1993-01-06,0.3840
GISTEMP,1993-01-06,0.37
GCAG,1992-12-06,0.2833
GISTEMP,1992-12-06,0.22
GCAG,1992-11-06,0.0943
GISTEMP,1992-11-06,0.04
GCAG,1992-10-06,0.1154
GISTEMP,1992-10-06,0.11
GCAG,1992-09-06,0.0588
GISTEMP,1992-09-06,0.01
GCAG,1992-08-06,0.1405
GISTEMP,1992-08-06,0.1
GCAG,1992-07-06,0.1359
GISTEMP,1992-07-06,0.13
GCAG,1992-06-06,0.2821
GISTEMP,1992-06-06,0.24
GCAG,1992-05-06,0.3276
GISTEMP,1992-05-06,0.32
GCAG,1992-04-06,0.2936
GISTEMP,1992-04-06,0.24
GCAG,1992-03-06,0.4333
GISTEMP,1992-03-06,0.47
GCAG,1992-02-06,0.4485
GISTEMP,1992-02-06,0.42
GCAG,1992-01-06,0.4721
GISTEMP,1992-01-06,0.45
GCAG,1991-12-06,0.3064
GISTEMP,1991-12-06,0.33
GCAG,1991-11-06,0.3175
GISTEMP,1991-11-06,0.31
GCAG,1991-10-06,0.3292
GISTEMP,1991-10-06,0.32
GCAG,1991-09-06,0.3863
GISTEMP,1991-09-06,0.5
GCAG,1991-08-06,0.3880
GISTEMP,1991-08-06,0.42
GCAG,1991-07-06,0.4462
GISTEMP,1991-07-06,0.51
GCAG,1991-06-06,0.4813
GISTEMP,1991-06-06,0.54
GCAG,1991-05-06,0.4107
GISTEMP,1991-05-06,0.39
GCAG,1991-04-06,0.5168
GISTEMP,1991-04-06,0.53
GCAG,1991-03-06,0.3658
GISTEMP,1991-03-06,0.36
GCAG,1991-02-06,0.4661
GISTEMP,1991-02-06,0.51
GCAG,1991-01-06,0.4512
GISTEMP,1991-01-06,0.42
GCAG,1990-12-06,0.4481
GISTEMP,1990-12-06,0.42
GCAG,1990-11-06,0.4797
GISTEMP,1990-11-06,0.46
GCAG,1990-10-06,0.4277
GISTEMP,1990-10-06,0.43
GCAG,1990-09-06,0.3144
GISTEMP,1990-09-06,0.3
GCAG,1990-08-06,0.3479
GISTEMP,1990-08-06,0.3
GCAG,1990-07-06,0.3453
GISTEMP,1990-07-06,0.44
GCAG,1990-06-06,0.4114
GISTEMP,1990-06-06,0.38
GCAG,1990-05-06,0.4274
GISTEMP,1990-05-06,0.46
GCAG,1990-04-06,0.4907
GISTEMP,1990-04-06,0.55
GCAG,1990-03-06,0.7328
GISTEMP,1990-03-06,0.76
GCAG,1990-02-06,0.4072
GISTEMP,1990-02-06,0.41
GCAG,1990-01-06,0.3613
GISTEMP,1990-01-06,0.41
GCAG,1989-12-06,0.4013
GISTEMP,1989-12-06,0.37
GCAG,1989-11-06,0.2541
GISTEMP,1989-11-06,0.21
GCAG,1989-10-06,0.3044
GISTEMP,1989-10-06,0.32
GCAG,1989-09-06,0.3019
GISTEMP,1989-09-06,0.37
GCAG,1989-08-06,0.3021
GISTEMP,1989-08-06,0.36
GCAG,1989-07-06,0.3016
GISTEMP,1989-07-06,0.34
GCAG,1989-06-06,0.2727
GISTEMP,1989-06-06,0.15
GCAG,1989-05-06,0.2779
GISTEMP,1989-05-06,0.17
GCAG,1989-04-06,0.2891
GISTEMP,1989-04-06,0.33
GCAG,1989-03-06,0.3360
GISTEMP,1989-03-06,0.36
GCAG,1989-02-06,0.3072
GISTEMP,1989-02-06,0.35
GCAG,1989-01-06,0.2157
GISTEMP,1989-01-06,0.16
GCAG,1988-12-06,0.3626
GISTEMP,1988-12-06,0.34
GCAG,1988-11-06,0.2291
GISTEMP,1988-11-06,0.13
GCAG,1988-10-06,0.3009
GISTEMP,1988-10-06,0.4
GCAG,1988-09-06,0.3211
GISTEMP,1988-09-06,0.42
GCAG,1988-08-06,0.3199
GISTEMP,1988-08-06,0.46
GCAG,1988-07-06,0.3431
GISTEMP,1988-07-06,0.35
GCAG,1988-06-06,0.3865
GISTEMP,1988-06-06,0.42
GCAG,1988-05-06,0.3811
GISTEMP,1988-05-06,0.44
GCAG,1988-04-06,0.4426
GISTEMP,1988-04-06,0.45
GCAG,1988-03-06,0.4828
GISTEMP,1988-03-06,0.49
GCAG,1988-02-06,0.3901
GISTEMP,1988-02-06,0.42
GCAG,1988-01-06,0.5487
GISTEMP,1988-01-06,0.57
GCAG,1987-12-06,0.5316
GISTEMP,1987-12-06,0.47
GCAG,1987-11-06,0.3306
GISTEMP,1987-11-06,0.25
GCAG,1987-10-06,0.3347
GISTEMP,1987-10-06,0.32
GCAG,1987-09-06,0.4321
GISTEMP,1987-09-06,0.39
GCAG,1987-08-06,0.3832
GISTEMP,1987-08-06,0.28
GCAG,1987-07-06,0.4182
GISTEMP,1987-07-06,0.46
GCAG,1987-06-06,0.3013
GISTEMP,1987-06-06,0.36
GCAG,1987-05-06,0.3339
GISTEMP,1987-05-06,0.26
GCAG,1987-04-06,0.3009
GISTEMP,1987-04-06,0.24
GCAG,1987-03-06,0.2541
GISTEMP,1987-03-06,0.17
GCAG,1987-02-06,0.5028
GISTEMP,1987-02-06,0.46
GCAG,1987-01-06,0.3115
GISTEMP,1987-01-06,0.36
GCAG,1986-12-06,0.2179
GISTEMP,1986-12-06,0.16
GCAG,1986-11-06,0.1548
GISTEMP,1986-11-06,0.11
GCAG,1986-10-06,0.2066
GISTEMP,1986-10-06,0.14
GCAG,1986-09-06,0.1716
GISTEMP,1986-09-06,0.02
GCAG,1986-08-06,0.1698
GISTEMP,1986-08-06,0.12
GCAG,1986-07-06,0.1686
GISTEMP,1986-07-06,0.13
GCAG,1986-06-06,0.2534
GISTEMP,1986-06-06,0.12
GCAG,1986-05-06,0.2507
GISTEMP,1986-05-06,0.26
GCAG,1986-04-06,0.2613
GISTEMP,1986-04-06,0.26
GCAG,1986-03-06,0.2966
GISTEMP,1986-03-06,0.29
GCAG,1986-02-06,0.2788
GISTEMP,1986-02-06,0.39
GCAG,1986-01-06,0.3249
GISTEMP,1986-01-06,0.3
GCAG,1985-12-06,0.1978
GISTEMP,1985-12-06,0.15
GCAG,1985-11-06,0.1181
GISTEMP,1985-11-06,0.09
GCAG,1985-10-06,0.1303
GISTEMP,1985-10-06,0.11
GCAG,1985-09-06,0.1010
GISTEMP,1985-09-06,0.14
GCAG,1985-08-06,0.1287
GISTEMP,1985-08-06,0.15
GCAG,1985-07-06,0.0779
GISTEMP,1985-07-06,0.0
GCAG,1985-06-06,0.1290
GISTEMP,1985-06-06,0.17
GCAG,1985-05-06,0.1959
GISTEMP,1985-05-06,0.17
GCAG,1985-04-06,0.1488
GISTEMP,1985-04-06,0.11
GCAG,1985-03-06,0.1875
GISTEMP,1985-03-06,0.17
GCAG,1985-02-06,0.0176
GISTEMP,1985-02-06,-0.06
GCAG,1985-01-06,0.1783
GISTEMP,1985-01-06,0.21
GCAG,1984-12-06,-0.0926
GISTEMP,1984-12-06,-0.06
GCAG,1984-11-06,0.0365
GISTEMP,1984-11-06,0.04
GCAG,1984-10-06,0.1187
GISTEMP,1984-10-06,0.15
GCAG,1984-09-06,0.1431
GISTEMP,1984-09-06,0.2
GCAG,1984-08-06,0.1687
GISTEMP,1984-08-06,0.15
GCAG,1984-07-06,0.1193
GISTEMP,1984-07-06,0.16
GCAG,1984-06-06,0.1306
GISTEMP,1984-06-06,0.04
GCAG,1984-05-06,0.2834
GISTEMP,1984-05-06,0.33
GCAG,1984-04-06,0.1503
GISTEMP,1984-04-06,0.08
GCAG,1984-03-06,0.2720
GISTEMP,1984-03-06,0.29
GCAG,1984-02-06,0.1753
GISTEMP,1984-02-06,0.17
GCAG,1984-01-06,0.2831
GISTEMP,1984-01-06,0.3
GCAG,1983-12-06,0.2748
GISTEMP,1983-12-06,0.17
GCAG,1983-11-06,0.4313
GISTEMP,1983-11-06,0.3
GCAG,1983-10-06,0.2113
GISTEMP,1983-10-06,0.15
GCAG,1983-09-06,0.3175
GISTEMP,1983-09-06,0.38
GCAG,1983-08-06,0.3228
GISTEMP,1983-08-06,0.3
GCAG,1983-07-06,0.2663
GISTEMP,1983-07-06,0.15
GCAG,1983-06-06,0.2629
GISTEMP,1983-06-06,0.18
GCAG,1983-05-06,0.2881
GISTEMP,1983-05-06,0.35
GCAG,1983-04-06,0.2918
GISTEMP,1983-04-06,0.3
GCAG,1983-03-06,0.4256
GISTEMP,1983-03-06,0.42
GCAG,1983-02-06,0.4834
GISTEMP,1983-02-06,0.4
GCAG,1983-01-06,0.5169
GISTEMP,1983-01-06,0.52
GCAG,1982-12-06,0.4355
GISTEMP,1982-12-06,0.43
GCAG,1982-11-06,0.1510
GISTEMP,1982-11-06,0.14
GCAG,1982-10-06,0.1771
GISTEMP,1982-10-06,0.13
GCAG,1982-09-06,0.2330
GISTEMP,1982-09-06,0.15
GCAG,1982-08-06,0.1406
GISTEMP,1982-08-06,0.08
GCAG,1982-07-06,0.1436
GISTEMP,1982-07-06,0.13
GCAG,1982-06-06,0.1231
GISTEMP,1982-06-06,0.05
GCAG,1982-05-06,0.1923
GISTEMP,1982-05-06,0.16
GCAG,1982-04-06,0.2054
GISTEMP,1982-04-06,0.1
GCAG,1982-03-06,0.0833
GISTEMP,1982-03-06,-0.01
GCAG,1982-02-06,0.1593
GISTEMP,1982-02-06,0.14
GCAG,1982-01-06,0.1342
GISTEMP,1982-01-06,0.09
GCAG,1981-12-06,0.4200
GISTEMP,1981-12-06,0.4
GCAG,1981-11-06,0.2119
GISTEMP,1981-11-06,0.21
GCAG,1981-10-06,0.1687
GISTEMP,1981-10-06,0.13
GCAG,1981-09-06,0.1860
GISTEMP,1981-09-06,0.17
GCAG,1981-08-06,0.2428
GISTEMP,1981-08-06,0.35
GCAG,1981-07-06,0.2268
GISTEMP,1981-07-06,0.35
GCAG,1981-06-06,0.2853
GISTEMP,1981-06-06,0.31
GCAG,1981-05-06,0.2620
GISTEMP,1981-05-06,0.25
GCAG,1981-04-06,0.3579
GISTEMP,1981-04-06,0.32
GCAG,1981-03-06,0.4083
GISTEMP,1981-03-06,0.48
GCAG,1981-02-06,0.3629
GISTEMP,1981-02-06,0.41
GCAG,1981-01-06,0.4656
GISTEMP,1981-01-06,0.56
GCAG,1980-12-06,0.2674
GISTEMP,1980-12-06,0.21
GCAG,1980-11-06,0.3319
GISTEMP,1980-11-06,0.3
GCAG,1980-10-06,0.1821
GISTEMP,1980-10-06,0.2
GCAG,1980-09-06,0.2008
GISTEMP,1980-09-06,0.21
GCAG,1980-08-06,0.1957
GISTEMP,1980-08-06,0.24
GCAG,1980-07-06,0.2172
GISTEMP,1980-07-06,0.28
GCAG,1980-06-06,0.2474
GISTEMP,1980-06-06,0.16
GCAG,1980-05-06,0.3160
GISTEMP,1980-05-06,0.34
GCAG,1980-04-06,0.3082
GISTEMP,1980-04-06,0.32
GCAG,1980-03-06,0.2389
GISTEMP,1980-03-06,0.29
GCAG,1980-02-06,0.3506
GISTEMP,1980-02-06,0.42
GCAG,1980-01-06,0.3080
GISTEMP,1980-01-06,0.3
GCAG,1979-12-06,0.5032
GISTEMP,1979-12-06,0.47
GCAG,1979-11-06,0.2953
GISTEMP,1979-11-06,0.29
GCAG,1979-10-06,0.2945
GISTEMP,1979-10-06,0.26
GCAG,1979-09-06,0.2519
GISTEMP,1979-09-06,0.27
GCAG,1979-08-06,0.2263
GISTEMP,1979-08-06,0.14
GCAG,1979-07-06,0.1746
GISTEMP,1979-07-06,0.03
GCAG,1979-06-06,0.2183
GISTEMP,1979-06-06,0.14
GCAG,1979-05-06,0.1569
GISTEMP,1979-05-06,0.06
GCAG,1979-04-06,0.1112
GISTEMP,1979-04-06,0.13
GCAG,1979-03-06,0.2430
GISTEMP,1979-03-06,0.19
GCAG,1979-02-06,0.0922
GISTEMP,1979-02-06,-0.09
GCAG,1979-01-06,0.1602
GISTEMP,1979-01-06,0.14
GCAG,1978-12-06,0.1512
GISTEMP,1978-12-06,0.11
GCAG,1978-11-06,0.2245
GISTEMP,1978-11-06,0.16
GCAG,1978-10-06,0.0646
GISTEMP,1978-10-06,0.0
GCAG,1978-09-06,0.0748
GISTEMP,1978-09-06,0.05
GCAG,1978-08-06,0.0033
GISTEMP,1978-08-06,-0.18
GCAG,1978-07-06,0.0699
GISTEMP,1978-07-06,0.07
GCAG,1978-06-06,0.0532
GISTEMP,1978-06-06,-0.03
GCAG,1978-05-06,0.0596
GISTEMP,1978-05-06,0.07
GCAG,1978-04-06,0.1324
GISTEMP,1978-04-06,0.15
GCAG,1978-03-06,0.2228
GISTEMP,1978-03-06,0.21
GCAG,1978-02-06,0.1306
GISTEMP,1978-02-06,0.14
GCAG,1978-01-06,0.1606
GISTEMP,1978-01-06,0.08
GCAG,1977-12-06,0.1124
GISTEMP,1977-12-06,0.05
GCAG,1977-11-06,0.2603
GISTEMP,1977-11-06,0.2
GCAG,1977-10-06,0.1189
GISTEMP,1977-10-06,0.04
GCAG,1977-09-06,0.1867
GISTEMP,1977-09-06,0.02
GCAG,1977-08-06,0.1418
GISTEMP,1977-08-06,0.19
GCAG,1977-07-06,0.1737
GISTEMP,1977-07-06,0.23
GCAG,1977-06-06,0.2474
GISTEMP,1977-06-06,0.25
GCAG,1977-05-06,0.2368
GISTEMP,1977-05-06,0.3
GCAG,1977-04-06,0.2820
GISTEMP,1977-04-06,0.27
GCAG,1977-03-06,0.3109
GISTEMP,1977-03-06,0.25
GCAG,1977-02-06,0.2384
GISTEMP,1977-02-06,0.2
GCAG,1977-01-06,0.0639
GISTEMP,1977-01-06,0.18
GCAG,1976-12-06,0.0906
GISTEMP,1976-12-06,0.09
GCAG,1976-11-06,-0.0432
GISTEMP,1976-11-06,-0.06
GCAG,1976-10-06,-0.1821
GISTEMP,1976-10-06,-0.26
GCAG,1976-09-06,-0.0426
GISTEMP,1976-09-06,-0.09
GCAG,1976-08-06,-0.0894
GISTEMP,1976-08-06,-0.18
GCAG,1976-07-06,-0.0846
GISTEMP,1976-07-06,-0.12
GCAG,1976-06-06,-0.0740
GISTEMP,1976-06-06,-0.15
GCAG,1976-05-06,-0.1228
GISTEMP,1976-05-06,-0.23
GCAG,1976-04-06,-0.0223
GISTEMP,1976-04-06,-0.1
GCAG,1976-03-06,-0.2394
GISTEMP,1976-03-06,-0.21
GCAG,1976-02-06,-0.1221
GISTEMP,1976-02-06,-0.06
GCAG,1976-01-06,-0.0181
GISTEMP,1976-01-06,0.0
GCAG,1975-12-06,-0.0895
GISTEMP,1975-12-06,-0.17
GCAG,1975-11-06,-0.1450
GISTEMP,1975-11-06,-0.16
GCAG,1975-10-06,-0.1236
GISTEMP,1975-10-06,-0.09
GCAG,1975-09-06,0.0170
GISTEMP,1975-09-06,-0.03
GCAG,1975-08-06,-0.0671
GISTEMP,1975-08-06,-0.2
GCAG,1975-07-06,0.0055
GISTEMP,1975-07-06,-0.03
GCAG,1975-06-06,0.0342
GISTEMP,1975-06-06,-0.02
GCAG,1975-05-06,0.0693
GISTEMP,1975-05-06,0.16
GCAG,1975-04-06,0.0779
GISTEMP,1975-04-06,0.06
GCAG,1975-03-06,0.1096
GISTEMP,1975-03-06,0.14
GCAG,1975-02-06,0.0326
GISTEMP,1975-02-06,0.07
GCAG,1975-01-06,0.1201
GISTEMP,1975-01-06,0.07
GCAG,1974-12-06,-0.0976
GISTEMP,1974-12-06,-0.09
GCAG,1974-11-06,-0.0671
GISTEMP,1974-11-06,-0.07
GCAG,1974-10-06,-0.0831
GISTEMP,1974-10-06,-0.07
GCAG,1974-09-06,-0.0428
GISTEMP,1974-09-06,-0.12
GCAG,1974-08-06,0.0131
GISTEMP,1974-08-06,0.12
GCAG,1974-07-06,0.0195
GISTEMP,1974-07-06,-0.03
GCAG,1974-06-06,-0.0375
GISTEMP,1974-06-06,-0.05
GCAG,1974-05-06,-0.0246
GISTEMP,1974-05-06,-0.01
GCAG,1974-04-06,-0.0420
GISTEMP,1974-04-06,-0.1
GCAG,1974-03-06,-0.0509
GISTEMP,1974-03-06,-0.05
GCAG,1974-02-06,-0.2548
GISTEMP,1974-02-06,-0.28
GCAG,1974-01-06,-0.1953
GISTEMP,1974-01-06,-0.14
GCAG,1973-12-06,0.0277
GISTEMP,1973-12-06,-0.06
GCAG,1973-11-06,0.0220
GISTEMP,1973-11-06,0.06
GCAG,1973-10-06,0.0446
GISTEMP,1973-10-06,0.12
GCAG,1973-09-06,0.0563
GISTEMP,1973-09-06,0.06
GCAG,1973-08-06,0.0774
GISTEMP,1973-08-06,0.02
GCAG,1973-07-06,0.1163
GISTEMP,1973-07-06,0.09
GCAG,1973-06-06,0.1972
GISTEMP,1973-06-06,0.16
GCAG,1973-05-06,0.2152
GISTEMP,1973-05-06,0.26
GCAG,1973-04-06,0.2502
GISTEMP,1973-04-06,0.25
GCAG,1973-03-06,0.3305
GISTEMP,1973-03-06,0.26
GCAG,1973-02-06,0.3722
GISTEMP,1973-02-06,0.3
GCAG,1973-01-06,0.2590
GISTEMP,1973-01-06,0.28
GCAG,1972-12-06,0.2529
GISTEMP,1972-12-06,0.18
GCAG,1972-11-06,0.0799
GISTEMP,1972-11-06,0.03
GCAG,1972-10-06,0.0891
GISTEMP,1972-10-06,0.09
GCAG,1972-09-06,0.0207
GISTEMP,1972-09-06,0.03
GCAG,1972-08-06,0.0863
GISTEMP,1972-08-06,0.18
GCAG,1972-07-06,0.0639
GISTEMP,1972-07-06,0.02
GCAG,1972-06-06,0.0765
GISTEMP,1972-06-06,0.04
GCAG,1972-05-06,0.0147
GISTEMP,1972-05-06,-0.03
GCAG,1972-04-06,0.0357
GISTEMP,1972-04-06,-0.01
GCAG,1972-03-06,0.0014
GISTEMP,1972-03-06,0.02
GCAG,1972-02-06,-0.1624
GISTEMP,1972-02-06,-0.17
GCAG,1972-01-06,-0.2415
GISTEMP,1972-01-06,-0.24
GCAG,1971-12-06,-0.0198
GISTEMP,1971-12-06,-0.08
GCAG,1971-11-06,0.0363
GISTEMP,1971-11-06,-0.04
GCAG,1971-10-06,-0.0763
GISTEMP,1971-10-06,-0.05
GCAG,1971-09-06,-0.0443
GISTEMP,1971-09-06,-0.01
GCAG,1971-08-06,-0.0688
GISTEMP,1971-08-06,-0.03
GCAG,1971-07-06,-0.0630
GISTEMP,1971-07-06,-0.12
GCAG,1971-06-06,-0.1243
GISTEMP,1971-06-06,-0.18
GCAG,1971-05-06,-0.0899
GISTEMP,1971-05-06,-0.06
GCAG,1971-04-06,-0.1299
GISTEMP,1971-04-06,-0.09
GCAG,1971-03-06,-0.1412
GISTEMP,1971-03-06,-0.18
GCAG,1971-02-06,-0.2144
GISTEMP,1971-02-06,-0.2
GCAG,1971-01-06,-0.0045
GISTEMP,1971-01-06,-0.02
GCAG,1970-12-06,-0.0954
GISTEMP,1970-12-06,-0.13
GCAG,1970-11-06,0.0226
GISTEMP,1970-11-06,0.01
GCAG,1970-10-06,-0.0367
GISTEMP,1970-10-06,0.05
GCAG,1970-09-06,0.0077
GISTEMP,1970-09-06,0.11
GCAG,1970-08-06,-0.0198
GISTEMP,1970-08-06,-0.11
GCAG,1970-07-06,-0.0218
GISTEMP,1970-07-06,-0.04
GCAG,1970-06-06,0.0295
GISTEMP,1970-06-06,-0.03
GCAG,1970-05-06,0.0414
GISTEMP,1970-05-06,-0.05
GCAG,1970-04-06,0.1310
GISTEMP,1970-04-06,0.09
GCAG,1970-03-06,0.0317
GISTEMP,1970-03-06,0.08
GCAG,1970-02-06,0.2353
GISTEMP,1970-02-06,0.22
GCAG,1970-01-06,0.1214
GISTEMP,1970-01-06,0.09
GCAG,1969-12-06,0.2468
GISTEMP,1969-12-06,0.27
GCAG,1969-11-06,0.1896
GISTEMP,1969-11-06,0.12
GCAG,1969-10-06,0.0713
GISTEMP,1969-10-06,0.11
GCAG,1969-09-06,0.0843
GISTEMP,1969-09-06,0.1
GCAG,1969-08-06,0.0954
GISTEMP,1969-08-06,0.03
GCAG,1969-07-06,0.0933
GISTEMP,1969-07-06,-0.01
GCAG,1969-06-06,0.0766
GISTEMP,1969-06-06,0.05
GCAG,1969-05-06,0.1756
GISTEMP,1969-05-06,0.2
GCAG,1969-04-06,0.1935
GISTEMP,1969-04-06,0.19
GCAG,1969-03-06,0.1222
GISTEMP,1969-03-06,0.0
GCAG,1969-02-06,-0.1038
GISTEMP,1969-02-06,-0.14
GCAG,1969-01-06,-0.1295
GISTEMP,1969-01-06,-0.11
GCAG,1968-12-06,-0.0431
GISTEMP,1968-12-06,-0.14
GCAG,1968-11-06,0.0156
GISTEMP,1968-11-06,-0.04
GCAG,1968-10-06,0.0471
GISTEMP,1968-10-06,0.12
GCAG,1968-09-06,-0.0112
GISTEMP,1968-09-06,-0.18
GCAG,1968-08-06,-0.0143
GISTEMP,1968-08-06,-0.11
GCAG,1968-07-06,-0.0197
GISTEMP,1968-07-06,-0.11
GCAG,1968-06-06,-0.0161
GISTEMP,1968-06-06,-0.06
GCAG,1968-05-06,-0.0803
GISTEMP,1968-05-06,-0.1
GCAG,1968-04-06,-0.0703
GISTEMP,1968-04-06,-0.05
GCAG,1968-03-06,0.1508
GISTEMP,1968-03-06,0.21
GCAG,1968-02-06,-0.1266
GISTEMP,1968-02-06,-0.15
GCAG,1968-01-06,-0.1865
GISTEMP,1968-01-06,-0.23
GCAG,1967-12-06,-0.0400
GISTEMP,1967-12-06,-0.02
GCAG,1967-11-06,-0.0212
GISTEMP,1967-11-06,-0.06
GCAG,1967-10-06,0.1288
GISTEMP,1967-10-06,0.06
GCAG,1967-09-06,-0.0317
GISTEMP,1967-09-06,-0.04
GCAG,1967-08-06,-0.0055
GISTEMP,1967-08-06,0.02
GCAG,1967-07-06,-0.0177
GISTEMP,1967-07-06,0.01
GCAG,1967-06-06,-0.0299
GISTEMP,1967-06-06,-0.08
GCAG,1967-05-06,0.1243
GISTEMP,1967-05-06,0.14
GCAG,1967-04-06,0.0056
GISTEMP,1967-04-06,-0.05
GCAG,1967-03-06,0.0029
GISTEMP,1967-03-06,0.03
GCAG,1967-02-06,-0.1656
GISTEMP,1967-02-06,-0.2
GCAG,1967-01-06,-0.1068
GISTEMP,1967-01-06,-0.06
GCAG,1966-12-06,-0.1244
GISTEMP,1966-12-06,-0.06
GCAG,1966-11-06,-0.0465
GISTEMP,1966-11-06,-0.02
GCAG,1966-10-06,-0.0592
GISTEMP,1966-10-06,-0.15
GCAG,1966-09-06,0.0261
GISTEMP,1966-09-06,-0.01
GCAG,1966-08-06,0.0191
GISTEMP,1966-08-06,-0.1
GCAG,1966-07-06,0.0667
GISTEMP,1966-07-06,0.09
GCAG,1966-06-06,0.0577
GISTEMP,1966-06-06,0.02
GCAG,1966-05-06,-0.0359
GISTEMP,1966-05-06,-0.1
GCAG,1966-04-06,-0.0908
GISTEMP,1966-04-06,-0.13
GCAG,1966-03-06,-0.0025
GISTEMP,1966-03-06,0.04
GCAG,1966-02-06,-0.0373
GISTEMP,1966-02-06,0.0
GCAG,1966-01-06,-0.0458
GISTEMP,1966-01-06,-0.16
GCAG,1965-12-06,-0.0124
GISTEMP,1965-12-06,-0.05
GCAG,1965-11-06,-0.0900
GISTEMP,1965-11-06,-0.06
GCAG,1965-10-06,0.0238
GISTEMP,1965-10-06,-0.04
GCAG,1965-09-06,-0.0503
GISTEMP,1965-09-06,-0.15
GCAG,1965-08-06,-0.0464
GISTEMP,1965-08-06,-0.01
GCAG,1965-07-06,-0.0841
GISTEMP,1965-07-06,-0.12
GCAG,1965-06-06,-0.0434
GISTEMP,1965-06-06,-0.08
GCAG,1965-05-06,-0.0787
GISTEMP,1965-05-06,-0.14
GCAG,1965-04-06,-0.1875
GISTEMP,1965-04-06,-0.2
GCAG,1965-03-06,-0.1005
GISTEMP,1965-03-06,-0.11
GCAG,1965-02-06,-0.1966
GISTEMP,1965-02-06,-0.17
GCAG,1965-01-06,-0.0699
GISTEMP,1965-01-06,-0.09
GCAG,1964-12-06,-0.2651
GISTEMP,1964-12-06,-0.3
GCAG,1964-11-06,-0.2017
GISTEMP,1964-11-06,-0.21
GCAG,1964-10-06,-0.2665
GISTEMP,1964-10-06,-0.3
GCAG,1964-09-06,-0.2093
GISTEMP,1964-09-06,-0.28
GCAG,1964-08-06,-0.1669
GISTEMP,1964-08-06,-0.2
GCAG,1964-07-06,-0.1111
GISTEMP,1964-07-06,-0.07
GCAG,1964-06-06,-0.0931
GISTEMP,1964-06-06,-0.07
GCAG,1964-05-06,-0.0980
GISTEMP,1964-05-06,-0.25
GCAG,1964-04-06,-0.1847
GISTEMP,1964-04-06,-0.3
GCAG,1964-03-06,-0.1421
GISTEMP,1964-03-06,-0.22
GCAG,1964-02-06,-0.1048
GISTEMP,1964-02-06,-0.12
GCAG,1964-01-06,0.0488
GISTEMP,1964-01-06,-0.06
GCAG,1963-12-06,0.0812
GISTEMP,1963-12-06,0.0
GCAG,1963-11-06,0.1947
GISTEMP,1963-11-06,0.15
GCAG,1963-10-06,0.2148
GISTEMP,1963-10-06,0.15
GCAG,1963-09-06,0.1629
GISTEMP,1963-09-06,0.2
GCAG,1963-08-06,0.1579
GISTEMP,1963-08-06,0.25
GCAG,1963-07-06,0.1382
GISTEMP,1963-07-06,0.08
GCAG,1963-06-06,0.0499
GISTEMP,1963-06-06,0.03
GCAG,1963-05-06,0.0130
GISTEMP,1963-05-06,-0.09
GCAG,1963-04-06,-0.0041
GISTEMP,1963-04-06,-0.05
GCAG,1963-03-06,-0.0216
GISTEMP,1963-03-06,-0.13
GCAG,1963-02-06,0.2566
GISTEMP,1963-02-06,0.19
GCAG,1963-01-06,0.0376
GISTEMP,1963-01-06,-0.03
GCAG,1962-12-06,0.0881
GISTEMP,1962-12-06,-0.01
GCAG,1962-11-06,0.0745
GISTEMP,1962-11-06,0.06
GCAG,1962-10-06,0.0796
GISTEMP,1962-10-06,-0.03
GCAG,1962-09-06,0.0606
GISTEMP,1962-09-06,-0.01
GCAG,1962-08-06,0.0552
GISTEMP,1962-08-06,-0.02
GCAG,1962-07-06,0.0905
GISTEMP,1962-07-06,-0.02
GCAG,1962-06-06,0.0574
GISTEMP,1962-06-06,0.06
GCAG,1962-05-06,0.0589
GISTEMP,1962-05-06,-0.06
GCAG,1962-04-06,0.0763
GISTEMP,1962-04-06,0.05
GCAG,1962-03-06,0.1197
GISTEMP,1962-03-06,0.12
GCAG,1962-02-06,0.1698
GISTEMP,1962-02-06,0.14
GCAG,1962-01-06,0.1345
GISTEMP,1962-01-06,0.08
GCAG,1961-12-06,-0.0171
GISTEMP,1961-12-06,-0.15
GCAG,1961-11-06,0.0160
GISTEMP,1961-11-06,0.03
GCAG,1961-10-06,-0.0350
GISTEMP,1961-10-06,0.0
GCAG,1961-09-06,-0.0041
GISTEMP,1961-09-06,0.05
GCAG,1961-08-06,0.0320
GISTEMP,1961-08-06,0.02
GCAG,1961-07-06,0.0350
GISTEMP,1961-07-06,-0.03
GCAG,1961-06-06,0.1479
GISTEMP,1961-06-06,0.12
GCAG,1961-05-06,0.1614
GISTEMP,1961-05-06,0.13
GCAG,1961-04-06,0.1335
GISTEMP,1961-04-06,0.15
GCAG,1961-03-06,0.1646
GISTEMP,1961-03-06,0.09
GCAG,1961-02-06,0.1768
GISTEMP,1961-02-06,0.18
GCAG,1961-01-06,0.1188
GISTEMP,1961-01-06,0.07
GCAG,1960-12-06,0.2278
GISTEMP,1960-12-06,0.18
GCAG,1960-11-06,-0.0484
GISTEMP,1960-11-06,-0.11
GCAG,1960-10-06,0.0390
GISTEMP,1960-10-06,0.07
GCAG,1960-09-06,0.0638
GISTEMP,1960-09-06,0.05
GCAG,1960-08-06,0.0461
GISTEMP,1960-08-06,-0.01
GCAG,1960-07-06,0.0339
GISTEMP,1960-07-06,-0.02
GCAG,1960-06-06,0.0772
GISTEMP,1960-06-06,0.01
GCAG,1960-05-06,-0.0841
GISTEMP,1960-05-06,-0.08
GCAG,1960-04-06,-0.0954
GISTEMP,1960-04-06,-0.16
GCAG,1960-03-06,-0.2041
GISTEMP,1960-03-06,-0.36
GCAG,1960-02-06,0.1858
GISTEMP,1960-02-06,0.14
GCAG,1960-01-06,0.0032
GISTEMP,1960-01-06,-0.01
GCAG,1959-12-06,-0.0343
GISTEMP,1959-12-06,-0.03
GCAG,1959-11-06,-0.0790
GISTEMP,1959-11-06,-0.09
GCAG,1959-10-06,-0.0137
GISTEMP,1959-10-06,-0.09
GCAG,1959-09-06,0.0970
GISTEMP,1959-09-06,-0.06
GCAG,1959-08-06,0.0516
GISTEMP,1959-08-06,-0.01
GCAG,1959-07-06,0.0671
GISTEMP,1959-07-06,0.06
GCAG,1959-06-06,0.0849
GISTEMP,1959-06-06,0.02
GCAG,1959-05-06,0.0263
GISTEMP,1959-05-06,0.06
GCAG,1959-04-06,0.1180
GISTEMP,1959-04-06,0.16
GCAG,1959-03-06,0.2041
GISTEMP,1959-03-06,0.19
GCAG,1959-02-06,0.0682
GISTEMP,1959-02-06,0.09
GCAG,1959-01-06,0.1250
GISTEMP,1959-01-06,0.06
GCAG,1958-12-06,0.1452
GISTEMP,1958-12-06,0.01
GCAG,1958-11-06,0.0896
GISTEMP,1958-11-06,0.02
GCAG,1958-10-06,0.0405
GISTEMP,1958-10-06,0.04
GCAG,1958-09-06,0.0186
GISTEMP,1958-09-06,-0.03
GCAG,1958-08-06,0.0528
GISTEMP,1958-08-06,-0.06
GCAG,1958-07-06,0.0649
GISTEMP,1958-07-06,0.06
GCAG,1958-06-06,0.0624
GISTEMP,1958-06-06,-0.05
GCAG,1958-05-06,0.1007
GISTEMP,1958-05-06,0.08
GCAG,1958-04-06,0.1140
GISTEMP,1958-04-06,0.01
GCAG,1958-03-06,0.1181
GISTEMP,1958-03-06,0.1
GCAG,1958-02-06,0.2103
GISTEMP,1958-02-06,0.24
GCAG,1958-01-06,0.2964
GISTEMP,1958-01-06,0.39
GCAG,1957-12-06,0.2290
GISTEMP,1957-12-06,0.16
GCAG,1957-11-06,0.1282
GISTEMP,1957-11-06,0.07
GCAG,1957-10-06,0.0143
GISTEMP,1957-10-06,0.01
GCAG,1957-09-06,0.0748
GISTEMP,1957-09-06,0.06
GCAG,1957-08-06,0.1302
GISTEMP,1957-08-06,0.14
GCAG,1957-07-06,0.0596
GISTEMP,1957-07-06,0.01
GCAG,1957-06-06,0.1577
GISTEMP,1957-06-06,0.16
GCAG,1957-05-06,0.1092
GISTEMP,1957-05-06,0.08
GCAG,1957-04-06,-0.0193
GISTEMP,1957-04-06,-0.04
GCAG,1957-03-06,-0.0680
GISTEMP,1957-03-06,-0.05
GCAG,1957-02-06,-0.1118
GISTEMP,1957-02-06,-0.05
GCAG,1957-01-06,-0.1178
GISTEMP,1957-01-06,-0.14
GCAG,1956-12-06,-0.1530
GISTEMP,1956-12-06,-0.1
GCAG,1956-11-06,-0.1564
GISTEMP,1956-11-06,-0.17
GCAG,1956-10-06,-0.1989
GISTEMP,1956-10-06,-0.24
GCAG,1956-09-06,-0.2520
GISTEMP,1956-09-06,-0.22
GCAG,1956-08-06,-0.1866
GISTEMP,1956-08-06,-0.25
GCAG,1956-07-06,-0.1346
GISTEMP,1956-07-06,-0.12
GCAG,1956-06-06,-0.1437
GISTEMP,1956-06-06,-0.15
GCAG,1956-05-06,-0.2275
GISTEMP,1956-05-06,-0.28
GCAG,1956-04-06,-0.2846
GISTEMP,1956-04-06,-0.26
GCAG,1956-03-06,-0.2003
GISTEMP,1956-03-06,-0.23
GCAG,1956-02-06,-0.2732
GISTEMP,1956-02-06,-0.25
GCAG,1956-01-06,-0.1773
GISTEMP,1956-01-06,-0.17
GCAG,1955-12-06,-0.2706
GISTEMP,1955-12-06,-0.32
GCAG,1955-11-06,-0.2373
GISTEMP,1955-11-06,-0.28
GCAG,1955-10-06,-0.1232
GISTEMP,1955-10-06,-0.05
GCAG,1955-09-06,-0.0923
GISTEMP,1955-09-06,-0.13
GCAG,1955-08-06,-0.0262
GISTEMP,1955-08-06,0.04
GCAG,1955-07-06,-0.0881
GISTEMP,1955-07-06,-0.09
GCAG,1955-06-06,-0.0695
GISTEMP,1955-06-06,-0.08
GCAG,1955-05-06,-0.1274
GISTEMP,1955-05-06,-0.2
GCAG,1955-04-06,-0.2383
GISTEMP,1955-04-06,-0.23
GCAG,1955-03-06,-0.3091
GISTEMP,1955-03-06,-0.36
GCAG,1955-02-06,-0.1303
GISTEMP,1955-02-06,-0.21
GCAG,1955-01-06,0.0879
GISTEMP,1955-01-06,0.11
GCAG,1954-12-06,-0.1859
GISTEMP,1954-12-06,-0.18
GCAG,1954-11-06,0.0390
GISTEMP,1954-11-06,0.08
GCAG,1954-10-06,-0.0694
GISTEMP,1954-10-06,-0.01
GCAG,1954-09-06,-0.0595
GISTEMP,1954-09-06,-0.07
GCAG,1954-08-06,-0.0913
GISTEMP,1954-08-06,-0.13
GCAG,1954-07-06,-0.1229
GISTEMP,1954-07-06,-0.16
GCAG,1954-06-06,-0.1161
GISTEMP,1954-06-06,-0.16
GCAG,1954-05-06,-0.2020
GISTEMP,1954-05-06,-0.2
GCAG,1954-04-06,-0.1766
GISTEMP,1954-04-06,-0.18
GCAG,1954-03-06,-0.0910
GISTEMP,1954-03-06,-0.12
GCAG,1954-02-06,-0.0865
GISTEMP,1954-02-06,-0.1
GCAG,1954-01-06,-0.2352
GISTEMP,1954-01-06,-0.28
GCAG,1953-12-06,0.0555
GISTEMP,1953-12-06,0.03
GCAG,1953-11-06,-0.0621
GISTEMP,1953-11-06,-0.05
GCAG,1953-10-06,0.0723
GISTEMP,1953-10-06,0.05
GCAG,1953-09-06,0.0632
GISTEMP,1953-09-06,0.06
GCAG,1953-08-06,0.0812
GISTEMP,1953-08-06,0.08
GCAG,1953-07-06,0.0662
GISTEMP,1953-07-06,0.02
GCAG,1953-06-06,0.1240
GISTEMP,1953-06-06,0.08
GCAG,1953-05-06,0.1440
GISTEMP,1953-05-06,0.08
GCAG,1953-04-06,0.1873
GISTEMP,1953-04-06,0.2
GCAG,1953-03-06,0.1539
GISTEMP,1953-03-06,0.11
GCAG,1953-02-06,0.1534
GISTEMP,1953-02-06,0.16
GCAG,1953-01-06,0.1037
GISTEMP,1953-01-06,0.09
GCAG,1952-12-06,-0.0080
GISTEMP,1952-12-06,-0.02
GCAG,1952-11-06,-0.1975
GISTEMP,1952-11-06,-0.17
GCAG,1952-10-06,-0.0366
GISTEMP,1952-10-06,-0.04
GCAG,1952-09-06,0.0653
GISTEMP,1952-09-06,0.08
GCAG,1952-08-06,0.0647
GISTEMP,1952-08-06,0.07
GCAG,1952-07-06,0.0735
GISTEMP,1952-07-06,0.05
GCAG,1952-06-06,0.0396
GISTEMP,1952-06-06,-0.04
GCAG,1952-05-06,0.0340
GISTEMP,1952-05-06,-0.05
GCAG,1952-04-06,0.0666
GISTEMP,1952-04-06,0.02
GCAG,1952-03-06,-0.0480
GISTEMP,1952-03-06,-0.1
GCAG,1952-02-06,0.0921
GISTEMP,1952-02-06,0.12
GCAG,1952-01-06,0.1520
GISTEMP,1952-01-06,0.16
GCAG,1951-12-06,0.2148
GISTEMP,1951-12-06,0.15
GCAG,1951-11-06,0.0260
GISTEMP,1951-11-06,0.0
GCAG,1951-10-06,0.1081
GISTEMP,1951-10-06,0.06
GCAG,1951-09-06,0.1322
GISTEMP,1951-09-06,0.07
GCAG,1951-08-06,0.1130
GISTEMP,1951-08-06,0.05
GCAG,1951-07-06,0.1101
GISTEMP,1951-07-06,0.0
GCAG,1951-06-06,0.0381
GISTEMP,1951-06-06,-0.05
GCAG,1951-05-06,0.0569
GISTEMP,1951-05-06,-0.02
GCAG,1951-04-06,-0.0877
GISTEMP,1951-04-06,-0.1
GCAG,1951-03-06,-0.1689
GISTEMP,1951-03-06,-0.19
GCAG,1951-02-06,-0.4101
GISTEMP,1951-02-06,-0.44
GCAG,1951-01-06,-0.2903
GISTEMP,1951-01-06,-0.35
GCAG,1950-12-06,-0.1810
GISTEMP,1950-12-06,-0.2
GCAG,1950-11-06,-0.3605
GISTEMP,1950-11-06,-0.35
GCAG,1950-10-06,-0.1661
GISTEMP,1950-10-06,-0.2
GCAG,1950-09-06,-0.1049
GISTEMP,1950-09-06,-0.1
GCAG,1950-08-06,-0.1382
GISTEMP,1950-08-06,-0.18
GCAG,1950-07-06,-0.1053
GISTEMP,1950-07-06,-0.09
GCAG,1950-06-06,-0.0559
GISTEMP,1950-06-06,-0.06
GCAG,1950-05-06,-0.0536
GISTEMP,1950-05-06,-0.12
GCAG,1950-04-06,-0.1706
GISTEMP,1950-04-06,-0.21
GCAG,1950-03-06,-0.0868
GISTEMP,1950-03-06,-0.06
GCAG,1950-02-06,-0.2389
GISTEMP,1950-02-06,-0.26
GCAG,1950-01-06,-0.2777
GISTEMP,1950-01-06,-0.3
GCAG,1949-12-06,-0.1821
GISTEMP,1949-12-06,-0.19
GCAG,1949-11-06,-0.0534
GISTEMP,1949-11-06,-0.08
GCAG,1949-10-06,-0.0297
GISTEMP,1949-10-06,-0.03
GCAG,1949-09-06,-0.0701
GISTEMP,1949-09-06,-0.08
GCAG,1949-08-06,-0.0217
GISTEMP,1949-08-06,-0.08
GCAG,1949-07-06,-0.0770
GISTEMP,1949-07-06,-0.13
GCAG,1949-06-06,-0.1486
GISTEMP,1949-06-06,-0.22
GCAG,1949-05-06,-0.0063
GISTEMP,1949-05-06,-0.09
GCAG,1949-04-06,0.0076
GISTEMP,1949-04-06,-0.07
GCAG,1949-03-06,-0.0732
GISTEMP,1949-03-06,-0.01
GCAG,1949-02-06,-0.1476
GISTEMP,1949-02-06,-0.16
GCAG,1949-01-06,0.1209
GISTEMP,1949-01-06,0.09
GCAG,1948-12-06,-0.1121
GISTEMP,1948-12-06,-0.23
GCAG,1948-11-06,-0.0560
GISTEMP,1948-11-06,-0.08
GCAG,1948-10-06,-0.0650
GISTEMP,1948-10-06,-0.07
GCAG,1948-09-06,-0.1032
GISTEMP,1948-09-06,-0.1
GCAG,1948-08-06,-0.0282
GISTEMP,1948-08-06,-0.1
GCAG,1948-07-06,-0.0622
GISTEMP,1948-07-06,-0.13
GCAG,1948-06-06,-0.0150
GISTEMP,1948-06-06,-0.05
GCAG,1948-05-06,0.1427
GISTEMP,1948-05-06,0.08
GCAG,1948-04-06,-0.0646
GISTEMP,1948-04-06,-0.09
GCAG,1948-03-06,-0.1841
GISTEMP,1948-03-06,-0.23
GCAG,1948-02-06,-0.0906
GISTEMP,1948-02-06,-0.13
GCAG,1948-01-06,0.0535
GISTEMP,1948-01-06,0.05
GCAG,1947-12-06,-0.1463
GISTEMP,1947-12-06,-0.18
GCAG,1947-11-06,-0.0238
GISTEMP,1947-11-06,-0.01
GCAG,1947-10-06,0.0549
GISTEMP,1947-10-06,0.06
GCAG,1947-09-06,-0.1306
GISTEMP,1947-09-06,-0.14
GCAG,1947-08-06,-0.0623
GISTEMP,1947-08-06,-0.08
GCAG,1947-07-06,-0.0138
GISTEMP,1947-07-06,-0.06
GCAG,1947-06-06,0.0208
GISTEMP,1947-06-06,0.0
GCAG,1947-05-06,-0.0190
GISTEMP,1947-05-06,-0.06
GCAG,1947-04-06,0.0143
GISTEMP,1947-04-06,0.04
GCAG,1947-03-06,-0.0079
GISTEMP,1947-03-06,0.05
GCAG,1947-02-06,-0.0774
GISTEMP,1947-02-06,-0.08
GCAG,1947-01-06,-0.1816
GISTEMP,1947-01-06,-0.13
GCAG,1946-12-06,-0.2636
GISTEMP,1946-12-06,-0.29
GCAG,1946-11-06,-0.0119
GISTEMP,1946-11-06,-0.02
GCAG,1946-10-06,-0.0057
GISTEMP,1946-10-06,-0.06
GCAG,1946-09-06,-0.0164
GISTEMP,1946-09-06,-0.02
GCAG,1946-08-06,-0.0697
GISTEMP,1946-08-06,-0.08
GCAG,1946-07-06,-0.0367
GISTEMP,1946-07-06,-0.09
GCAG,1946-06-06,-0.1016
GISTEMP,1946-06-06,-0.17
GCAG,1946-05-06,-0.0298
GISTEMP,1946-05-06,-0.04
GCAG,1946-04-06,0.1768
GISTEMP,1946-04-06,0.11
GCAG,1946-03-06,0.0005
GISTEMP,1946-03-06,0.0
GCAG,1946-02-06,0.0888
GISTEMP,1946-02-06,0.06
GCAG,1946-01-06,0.2209
GISTEMP,1946-01-06,0.15
GCAG,1945-12-06,-0.0475
GISTEMP,1945-12-06,-0.1
GCAG,1945-11-06,0.1955
GISTEMP,1945-11-06,0.1
GCAG,1945-10-06,0.2569
GISTEMP,1945-10-06,0.22
GCAG,1945-09-06,0.2578
GISTEMP,1945-09-06,0.22
GCAG,1945-08-06,0.3546
GISTEMP,1945-08-06,0.25
GCAG,1945-07-06,0.1652
GISTEMP,1945-07-06,0.07
GCAG,1945-06-06,0.1413
GISTEMP,1945-06-06,0.02
GCAG,1945-05-06,0.1761
GISTEMP,1945-05-06,0.1
GCAG,1945-04-06,0.2764
GISTEMP,1945-04-06,0.24
GCAG,1945-03-06,0.1072
GISTEMP,1945-03-06,0.11
GCAG,1945-02-06,0.0149
GISTEMP,1945-02-06,0.02
GCAG,1945-01-06,0.1535
GISTEMP,1945-01-06,0.13
GCAG,1944-12-06,0.0951
GISTEMP,1944-12-06,0.05
GCAG,1944-11-06,0.1518
GISTEMP,1944-11-06,0.12
GCAG,1944-10-06,0.3230
GISTEMP,1944-10-06,0.27
GCAG,1944-09-06,0.3855
GISTEMP,1944-09-06,0.31
GCAG,1944-08-06,0.2804
GISTEMP,1944-08-06,0.23
GCAG,1944-07-06,0.3145
GISTEMP,1944-07-06,0.23
GCAG,1944-06-06,0.3348
GISTEMP,1944-06-06,0.22
GCAG,1944-05-06,0.2618
GISTEMP,1944-05-06,0.26
GCAG,1944-04-06,0.2718
GISTEMP,1944-04-06,0.27
GCAG,1944-03-06,0.3676
GISTEMP,1944-03-06,0.34
GCAG,1944-02-06,0.3032
GISTEMP,1944-02-06,0.31
GCAG,1944-01-06,0.4241
GISTEMP,1944-01-06,0.41
GCAG,1943-12-06,0.3539
GISTEMP,1943-12-06,0.28
GCAG,1943-11-06,0.2459
GISTEMP,1943-11-06,0.25
GCAG,1943-10-06,0.3095
GISTEMP,1943-10-06,0.3
GCAG,1943-09-06,0.1425
GISTEMP,1943-09-06,0.11
GCAG,1943-08-06,0.0992
GISTEMP,1943-08-06,0.03
GCAG,1943-07-06,0.1830
GISTEMP,1943-07-06,0.14
GCAG,1943-06-06,0.0245
GISTEMP,1943-06-06,-0.01
GCAG,1943-05-06,0.1326
GISTEMP,1943-05-06,0.1
GCAG,1943-04-06,0.1726
GISTEMP,1943-04-06,0.13
GCAG,1943-03-06,0.0762
GISTEMP,1943-03-06,0.01
GCAG,1943-02-06,0.1683
GISTEMP,1943-02-06,0.22
GCAG,1943-01-06,-0.0241
GISTEMP,1943-01-06,-0.01
GCAG,1942-12-06,0.1515
GISTEMP,1942-12-06,0.12
GCAG,1942-11-06,0.1670
GISTEMP,1942-11-06,0.13
GCAG,1942-10-06,0.1495
GISTEMP,1942-10-06,0.06
GCAG,1942-09-06,0.1179
GISTEMP,1942-09-06,0.0
GCAG,1942-08-06,0.0440
GISTEMP,1942-08-06,-0.03
GCAG,1942-07-06,0.0768
GISTEMP,1942-07-06,0.02
GCAG,1942-06-06,0.2098
GISTEMP,1942-06-06,0.11
GCAG,1942-05-06,0.1665
GISTEMP,1942-05-06,0.14
GCAG,1942-04-06,0.1900
GISTEMP,1942-04-06,0.14
GCAG,1942-03-06,0.1771
GISTEMP,1942-03-06,0.13
GCAG,1942-02-06,0.0971
GISTEMP,1942-02-06,0.05
GCAG,1942-01-06,0.2983
GISTEMP,1942-01-06,0.26
GCAG,1941-12-06,0.2108
GISTEMP,1941-12-06,0.14
GCAG,1941-11-06,0.2212
GISTEMP,1941-11-06,0.12
GCAG,1941-10-06,0.3130
GISTEMP,1941-10-06,0.24
GCAG,1941-09-06,0.0881
GISTEMP,1941-09-06,0.02
GCAG,1941-08-06,0.1736
GISTEMP,1941-08-06,0.14
GCAG,1941-07-06,0.2069
GISTEMP,1941-07-06,0.15
GCAG,1941-06-06,0.1614
GISTEMP,1941-06-06,0.04
GCAG,1941-05-06,0.2446
GISTEMP,1941-05-06,0.1
GCAG,1941-04-06,0.2229
GISTEMP,1941-04-06,0.11
GCAG,1941-03-06,0.1023
GISTEMP,1941-03-06,0.06
GCAG,1941-02-06,0.2270
GISTEMP,1941-02-06,0.23
GCAG,1941-01-06,0.1802
GISTEMP,1941-01-06,0.13
GCAG,1940-12-06,0.2683
GISTEMP,1940-12-06,0.19
GCAG,1940-11-06,0.1004
GISTEMP,1940-11-06,0.13
GCAG,1940-10-06,0.0993
GISTEMP,1940-10-06,0.07
GCAG,1940-09-06,0.1483
GISTEMP,1940-09-06,0.12
GCAG,1940-08-06,0.0902
GISTEMP,1940-08-06,0.01
GCAG,1940-07-06,0.1459
GISTEMP,1940-07-06,0.1
GCAG,1940-06-06,0.1039
GISTEMP,1940-06-06,0.05
GCAG,1940-05-06,0.0556
GISTEMP,1940-05-06,0.05
GCAG,1940-04-06,0.1286
GISTEMP,1940-04-06,0.16
GCAG,1940-03-06,0.0671
GISTEMP,1940-03-06,0.12
GCAG,1940-02-06,0.0514
GISTEMP,1940-02-06,0.06
GCAG,1940-01-06,-0.1226
GISTEMP,1940-01-06,-0.15
GCAG,1939-12-06,0.4057
GISTEMP,1939-12-06,0.4
GCAG,1939-11-06,0.0440
GISTEMP,1939-11-06,0.06
GCAG,1939-10-06,-0.0427
GISTEMP,1939-10-06,-0.03
GCAG,1939-09-06,0.0111
GISTEMP,1939-09-06,0.0
GCAG,1939-08-06,0.0555
GISTEMP,1939-08-06,-0.05
GCAG,1939-07-06,0.0061
GISTEMP,1939-07-06,-0.06
GCAG,1939-06-06,-0.0077
GISTEMP,1939-06-06,-0.08
GCAG,1939-05-06,-0.0366
GISTEMP,1939-05-06,-0.07
GCAG,1939-04-06,-0.1319
GISTEMP,1939-04-06,-0.12
GCAG,1939-03-06,-0.1897
GISTEMP,1939-03-06,-0.2
GCAG,1939-02-06,-0.1137
GISTEMP,1939-02-06,-0.12
GCAG,1939-01-06,-0.1665
GISTEMP,1939-01-06,-0.13
GCAG,1938-12-06,-0.2541
GISTEMP,1938-12-06,-0.26
GCAG,1938-11-06,0.0039
GISTEMP,1938-11-06,0.01
GCAG,1938-10-06,0.0724
GISTEMP,1938-10-06,0.11
GCAG,1938-09-06,0.0293
GISTEMP,1938-09-06,0.03
GCAG,1938-08-06,-0.0149
GISTEMP,1938-08-06,-0.04
GCAG,1938-07-06,-0.0505
GISTEMP,1938-07-06,-0.09
GCAG,1938-06-06,-0.0939
GISTEMP,1938-06-06,-0.17
GCAG,1938-05-06,-0.0190
GISTEMP,1938-05-06,-0.07
GCAG,1938-04-06,0.0428
GISTEMP,1938-04-06,0.05
GCAG,1938-03-06,0.0308
GISTEMP,1938-03-06,0.05
GCAG,1938-02-06,-0.0540
GISTEMP,1938-02-06,-0.04
GCAG,1938-01-06,-0.0378
GISTEMP,1938-01-06,0.0
GCAG,1937-12-06,-0.0919
GISTEMP,1937-12-06,-0.12
GCAG,1937-11-06,0.0099
GISTEMP,1937-11-06,0.09
GCAG,1937-10-06,0.1137
GISTEMP,1937-10-06,0.1
GCAG,1937-09-06,0.1316
GISTEMP,1937-09-06,0.14
GCAG,1937-08-06,0.0930
GISTEMP,1937-08-06,0.03
GCAG,1937-07-06,-0.0004
GISTEMP,1937-07-06,-0.05
GCAG,1937-06-06,0.0126
GISTEMP,1937-06-06,-0.08
GCAG,1937-05-06,-0.0187
GISTEMP,1937-05-06,-0.07
GCAG,1937-04-06,-0.1262
GISTEMP,1937-04-06,-0.17
GCAG,1937-03-06,-0.1823
GISTEMP,1937-03-06,-0.17
GCAG,1937-02-06,0.0385
GISTEMP,1937-02-06,0.05
GCAG,1937-01-06,-0.1684
GISTEMP,1937-01-06,-0.11
GCAG,1936-12-06,-0.0193
GISTEMP,1936-12-06,-0.04
GCAG,1936-11-06,-0.0275
GISTEMP,1936-11-06,-0.05
GCAG,1936-10-06,-0.0224
GISTEMP,1936-10-06,-0.04
GCAG,1936-09-06,-0.0389
GISTEMP,1936-09-06,-0.06
GCAG,1936-08-06,-0.0557
GISTEMP,1936-08-06,-0.12
GCAG,1936-07-06,-0.0139
GISTEMP,1936-07-06,-0.06
GCAG,1936-06-06,-0.1075
GISTEMP,1936-06-06,-0.19
GCAG,1936-05-06,-0.1178
GISTEMP,1936-05-06,-0.17
GCAG,1936-04-06,-0.1789
GISTEMP,1936-04-06,-0.2
GCAG,1936-03-06,-0.2107
GISTEMP,1936-03-06,-0.23
GCAG,1936-02-06,-0.3137
GISTEMP,1936-02-06,-0.39
GCAG,1936-01-06,-0.2547
GISTEMP,1936-01-06,-0.29
GCAG,1935-12-06,-0.1769
GISTEMP,1935-12-06,-0.22
GCAG,1935-11-06,-0.2707
GISTEMP,1935-11-06,-0.29
GCAG,1935-10-06,-0.0130
GISTEMP,1935-10-06,-0.08
GCAG,1935-09-06,-0.0916
GISTEMP,1935-09-06,-0.17
GCAG,1935-08-06,-0.1003
GISTEMP,1935-08-06,-0.17
GCAG,1935-07-06,-0.1155
GISTEMP,1935-07-06,-0.19
GCAG,1935-06-06,-0.1706
GISTEMP,1935-06-06,-0.23
GCAG,1935-05-06,-0.2038
GISTEMP,1935-05-06,-0.26
GCAG,1935-04-06,-0.2567
GISTEMP,1935-04-06,-0.35
GCAG,1935-03-06,-0.1475
GISTEMP,1935-03-06,-0.13
GCAG,1935-02-06,0.1659
GISTEMP,1935-02-06,0.11
GCAG,1935-01-06,-0.2894
GISTEMP,1935-01-06,-0.37
GCAG,1934-12-06,-0.0256
GISTEMP,1934-12-06,-0.09
GCAG,1934-11-06,0.0128
GISTEMP,1934-11-06,-0.01
GCAG,1934-10-06,-0.0693
GISTEMP,1934-10-06,-0.11
GCAG,1934-09-06,-0.1226
GISTEMP,1934-09-06,-0.16
GCAG,1934-08-06,-0.0548
GISTEMP,1934-08-06,-0.1
GCAG,1934-07-06,-0.0894
GISTEMP,1934-07-06,-0.11
GCAG,1934-06-06,-0.0025
GISTEMP,1934-06-06,-0.14
GCAG,1934-05-06,-0.0444
GISTEMP,1934-05-06,-0.11
GCAG,1934-04-06,-0.2318
GISTEMP,1934-04-06,-0.27
GCAG,1934-03-06,-0.2574
GISTEMP,1934-03-06,-0.31
GCAG,1934-02-06,-0.0231
GISTEMP,1934-02-06,-0.04
GCAG,1934-01-06,-0.3102
GISTEMP,1934-01-06,-0.27
GCAG,1933-12-06,-0.4069
GISTEMP,1933-12-06,-0.47
GCAG,1933-11-06,-0.2548
GISTEMP,1933-11-06,-0.31
GCAG,1933-10-06,-0.1879
GISTEMP,1933-10-06,-0.24
GCAG,1933-09-06,-0.2214
GISTEMP,1933-09-06,-0.26
GCAG,1933-08-06,-0.1889
GISTEMP,1933-08-06,-0.23
GCAG,1933-07-06,-0.1810
GISTEMP,1933-07-06,-0.2
GCAG,1933-06-06,-0.2007
GISTEMP,1933-06-06,-0.32
GCAG,1933-05-06,-0.2091
GISTEMP,1933-05-06,-0.25
GCAG,1933-04-06,-0.2044
GISTEMP,1933-04-06,-0.23
GCAG,1933-03-06,-0.2476
GISTEMP,1933-03-06,-0.29
GCAG,1933-02-06,-0.3167
GISTEMP,1933-02-06,-0.32
GCAG,1933-01-06,-0.3073
GISTEMP,1933-01-06,-0.34
GCAG,1932-12-06,-0.1861
GISTEMP,1932-12-06,-0.22
GCAG,1932-11-06,-0.1945
GISTEMP,1932-11-06,-0.26
GCAG,1932-10-06,-0.0926
GISTEMP,1932-10-06,-0.1
GCAG,1932-09-06,-0.0695
GISTEMP,1932-09-06,-0.11
GCAG,1932-08-06,-0.1757
GISTEMP,1932-08-06,-0.24
GCAG,1932-07-06,-0.1208
GISTEMP,1932-07-06,-0.24
GCAG,1932-06-06,-0.1578
GISTEMP,1932-06-06,-0.3
GCAG,1932-05-06,-0.1674
GISTEMP,1932-05-06,-0.22
GCAG,1932-04-06,-0.0324
GISTEMP,1932-04-06,-0.07
GCAG,1932-03-06,-0.1799
GISTEMP,1932-03-06,-0.2
GCAG,1932-02-06,-0.1794
GISTEMP,1932-02-06,-0.18
GCAG,1932-01-06,0.1547
GISTEMP,1932-01-06,0.13
GCAG,1931-12-06,-0.1052
GISTEMP,1931-12-06,-0.1
GCAG,1931-11-06,-0.1139
GISTEMP,1931-11-06,-0.12
GCAG,1931-10-06,0.0092
GISTEMP,1931-10-06,0.0
GCAG,1931-09-06,0.0035
GISTEMP,1931-09-06,-0.06
GCAG,1931-08-06,0.0047
GISTEMP,1931-08-06,0.0
GCAG,1931-07-06,-0.0155
GISTEMP,1931-07-06,0.01
GCAG,1931-06-06,-0.0185
GISTEMP,1931-06-06,-0.06
GCAG,1931-05-06,-0.1499
GISTEMP,1931-05-06,-0.22
GCAG,1931-04-06,-0.1625
GISTEMP,1931-04-06,-0.21
GCAG,1931-03-06,-0.0061
GISTEMP,1931-03-06,-0.06
GCAG,1931-02-06,-0.2225
GISTEMP,1931-02-06,-0.22
GCAG,1931-01-06,-0.0470
GISTEMP,1931-01-06,-0.1
GCAG,1930-12-06,0.0064
GISTEMP,1930-12-06,-0.09
GCAG,1930-11-06,0.1368
GISTEMP,1930-11-06,0.14
GCAG,1930-10-06,-0.0011
GISTEMP,1930-10-06,-0.08
GCAG,1930-09-06,-0.1043
GISTEMP,1930-09-06,-0.11
GCAG,1930-08-06,-0.0900
GISTEMP,1930-08-06,-0.11
GCAG,1930-07-06,-0.0692
GISTEMP,1930-07-06,-0.17
GCAG,1930-06-06,-0.1135
GISTEMP,1930-06-06,-0.19
GCAG,1930-05-06,-0.1976
GISTEMP,1930-05-06,-0.25
GCAG,1930-04-06,-0.1950
GISTEMP,1930-04-06,-0.26
GCAG,1930-03-06,-0.0549
GISTEMP,1930-03-06,-0.08
GCAG,1930-02-06,-0.2000
GISTEMP,1930-02-06,-0.24
GCAG,1930-01-06,-0.3206
GISTEMP,1930-01-06,-0.29
GCAG,1929-12-06,-0.5167
GISTEMP,1929-12-06,-0.55
GCAG,1929-11-06,-0.0971
GISTEMP,1929-11-06,-0.14
GCAG,1929-10-06,-0.1185
GISTEMP,1929-10-06,-0.15
GCAG,1929-09-06,-0.2089
GISTEMP,1929-09-06,-0.23
GCAG,1929-08-06,-0.2078
GISTEMP,1929-08-06,-0.29
GCAG,1929-07-06,-0.2735
GISTEMP,1929-07-06,-0.33
GCAG,1929-06-06,-0.2746
GISTEMP,1929-06-06,-0.43
GCAG,1929-05-06,-0.2886
GISTEMP,1929-05-06,-0.39
GCAG,1929-04-06,-0.2976
GISTEMP,1929-04-06,-0.4
GCAG,1929-03-06,-0.2654
GISTEMP,1929-03-06,-0.34
GCAG,1929-02-06,-0.5495
GISTEMP,1929-02-06,-0.61
GCAG,1929-01-06,-0.4840
GISTEMP,1929-01-06,-0.47
GCAG,1928-12-06,-0.1713
GISTEMP,1928-12-06,-0.2
GCAG,1928-11-06,-0.0679
GISTEMP,1928-11-06,-0.09
GCAG,1928-10-06,-0.1256
GISTEMP,1928-10-06,-0.19
GCAG,1928-09-06,-0.1904
GISTEMP,1928-09-06,-0.2
GCAG,1928-08-06,-0.1997
GISTEMP,1928-08-06,-0.25
GCAG,1928-07-06,-0.1773
GISTEMP,1928-07-06,-0.21
GCAG,1928-06-06,-0.2777
GISTEMP,1928-06-06,-0.41
GCAG,1928-05-06,-0.1866
GISTEMP,1928-05-06,-0.3
GCAG,1928-04-06,-0.2444
GISTEMP,1928-04-06,-0.29
GCAG,1928-03-06,-0.2630
GISTEMP,1928-03-06,-0.28
GCAG,1928-02-06,-0.1450
GISTEMP,1928-02-06,-0.12
GCAG,1928-01-06,-0.0800
GISTEMP,1928-01-06,-0.04
GCAG,1927-12-06,-0.3132
GISTEMP,1927-12-06,-0.36
GCAG,1927-11-06,-0.0397
GISTEMP,1927-11-06,-0.04
GCAG,1927-10-06,0.0140
GISTEMP,1927-10-06,-0.01
GCAG,1927-09-06,-0.0275
GISTEMP,1927-09-06,-0.06
GCAG,1927-08-06,-0.1145
GISTEMP,1927-08-06,-0.19
GCAG,1927-07-06,-0.1035
GISTEMP,1927-07-06,-0.15
GCAG,1927-06-06,-0.2014
GISTEMP,1927-06-06,-0.27
GCAG,1927-05-06,-0.2286
GISTEMP,1927-05-06,-0.25
GCAG,1927-04-06,-0.2207
GISTEMP,1927-04-06,-0.31
GCAG,1927-03-06,-0.2563
GISTEMP,1927-03-06,-0.39
GCAG,1927-02-06,-0.1917
GISTEMP,1927-02-06,-0.21
GCAG,1927-01-06,-0.1723
GISTEMP,1927-01-06,-0.28
GCAG,1926-12-06,-0.2158
GISTEMP,1926-12-06,-0.3
GCAG,1926-11-06,-0.0784
GISTEMP,1926-11-06,-0.06
GCAG,1926-10-06,-0.0840
GISTEMP,1926-10-06,-0.11
GCAG,1926-09-06,-0.1031
GISTEMP,1926-09-06,-0.11
GCAG,1926-08-06,-0.0882
GISTEMP,1926-08-06,-0.11
GCAG,1926-07-06,-0.1582
GISTEMP,1926-07-06,-0.21
GCAG,1926-06-06,-0.1224
GISTEMP,1926-06-06,-0.25
GCAG,1926-05-06,-0.1345
GISTEMP,1926-05-06,-0.25
GCAG,1926-04-06,-0.1389
GISTEMP,1926-04-06,-0.15
GCAG,1926-03-06,0.0756
GISTEMP,1926-03-06,0.12
GCAG,1926-02-06,0.0811
GISTEMP,1926-02-06,0.07
GCAG,1926-01-06,0.1660
GISTEMP,1926-01-06,0.2
GCAG,1925-12-06,0.1358
GISTEMP,1925-12-06,0.11
GCAG,1925-11-06,0.0584
GISTEMP,1925-11-06,0.03
GCAG,1925-10-06,-0.1326
GISTEMP,1925-10-06,-0.17
GCAG,1925-09-06,-0.1040
GISTEMP,1925-09-06,-0.13
GCAG,1925-08-06,-0.1374
GISTEMP,1925-08-06,-0.19
GCAG,1925-07-06,-0.2093
GISTEMP,1925-07-06,-0.3
GCAG,1925-06-06,-0.2291
GISTEMP,1925-06-06,-0.34
GCAG,1925-05-06,-0.2233
GISTEMP,1925-05-06,-0.3
GCAG,1925-04-06,-0.1633
GISTEMP,1925-04-06,-0.25
GCAG,1925-03-06,-0.1692
GISTEMP,1925-03-06,-0.24
GCAG,1925-02-06,-0.2783
GISTEMP,1925-02-06,-0.35
GCAG,1925-01-06,-0.3246
GISTEMP,1925-01-06,-0.34
GCAG,1924-12-06,-0.3912
GISTEMP,1924-12-06,-0.43
GCAG,1924-11-06,-0.2942
GISTEMP,1924-11-06,-0.23
GCAG,1924-10-06,-0.2879
GISTEMP,1924-10-06,-0.36
GCAG,1924-09-06,-0.2836
GISTEMP,1924-09-06,-0.3
GCAG,1924-08-06,-0.2895
GISTEMP,1924-08-06,-0.35
GCAG,1924-07-06,-0.2216
GISTEMP,1924-07-06,-0.27
GCAG,1924-06-06,-0.2259
GISTEMP,1924-06-06,-0.28
GCAG,1924-05-06,-0.1903
GISTEMP,1924-05-06,-0.19
GCAG,1924-04-06,-0.2466
GISTEMP,1924-04-06,-0.35
GCAG,1924-03-06,-0.1130
GISTEMP,1924-03-06,-0.12
GCAG,1924-02-06,-0.1859
GISTEMP,1924-02-06,-0.27
GCAG,1924-01-06,-0.2536
GISTEMP,1924-01-06,-0.24
GCAG,1923-12-06,0.0001
GISTEMP,1923-12-06,-0.06
GCAG,1923-11-06,0.0285
GISTEMP,1923-11-06,0.03
GCAG,1923-10-06,-0.1619
GISTEMP,1923-10-06,-0.13
GCAG,1923-09-06,-0.2454
GISTEMP,1923-09-06,-0.28
GCAG,1923-08-06,-0.2824
GISTEMP,1923-08-06,-0.3
GCAG,1923-07-06,-0.2820
GISTEMP,1923-07-06,-0.29
GCAG,1923-06-06,-0.1948
GISTEMP,1923-06-06,-0.24
GCAG,1923-05-06,-0.2488
GISTEMP,1923-05-06,-0.33
GCAG,1923-04-06,-0.3381
GISTEMP,1923-04-06,-0.38
GCAG,1923-03-06,-0.2697
GISTEMP,1923-03-06,-0.32
GCAG,1923-02-06,-0.3785
GISTEMP,1923-02-06,-0.37
GCAG,1923-01-06,-0.2143
GISTEMP,1923-01-06,-0.27
GCAG,1922-12-06,-0.1563
GISTEMP,1922-12-06,-0.17
GCAG,1922-11-06,-0.1929
GISTEMP,1922-11-06,-0.17
GCAG,1922-10-06,-0.2506
GISTEMP,1922-10-06,-0.33
GCAG,1922-09-06,-0.2525
GISTEMP,1922-09-06,-0.29
GCAG,1922-08-06,-0.2793
GISTEMP,1922-08-06,-0.31
GCAG,1922-07-06,-0.2615
GISTEMP,1922-07-06,-0.27
GCAG,1922-06-06,-0.2820
GISTEMP,1922-06-06,-0.32
GCAG,1922-05-06,-0.2647
GISTEMP,1922-05-06,-0.34
GCAG,1922-04-06,-0.1301
GISTEMP,1922-04-06,-0.22
GCAG,1922-03-06,-0.0787
GISTEMP,1922-03-06,-0.13
GCAG,1922-02-06,-0.2945
GISTEMP,1922-02-06,-0.44
GCAG,1922-01-06,-0.3221
GISTEMP,1922-01-06,-0.34
GCAG,1921-12-06,-0.0822
GISTEMP,1921-12-06,-0.18
GCAG,1921-11-06,-0.1859
GISTEMP,1921-11-06,-0.16
GCAG,1921-10-06,-0.0662
GISTEMP,1921-10-06,-0.06
GCAG,1921-09-06,-0.1481
GISTEMP,1921-09-06,-0.16
GCAG,1921-08-06,-0.1964
GISTEMP,1921-08-06,-0.24
GCAG,1921-07-06,-0.1123
GISTEMP,1921-07-06,-0.16
GCAG,1921-06-06,-0.1665
GISTEMP,1921-06-06,-0.31
GCAG,1921-05-06,-0.1917
GISTEMP,1921-05-06,-0.36
GCAG,1921-04-06,-0.2059
GISTEMP,1921-04-06,-0.36
GCAG,1921-03-06,-0.2176
GISTEMP,1921-03-06,-0.28
GCAG,1921-02-06,-0.1494
GISTEMP,1921-02-06,-0.21
GCAG,1921-01-06,-0.0598
GISTEMP,1921-01-06,-0.04
GCAG,1920-12-06,-0.3886
GISTEMP,1920-12-06,-0.47
GCAG,1920-11-06,-0.2510
GISTEMP,1920-11-06,-0.33
GCAG,1920-10-06,-0.2096
GISTEMP,1920-10-06,-0.29
GCAG,1920-09-06,-0.1755
GISTEMP,1920-09-06,-0.2
GCAG,1920-08-06,-0.2306
GISTEMP,1920-08-06,-0.29
GCAG,1920-07-06,-0.2436
GISTEMP,1920-07-06,-0.32
GCAG,1920-06-06,-0.2559
GISTEMP,1920-06-06,-0.33
GCAG,1920-05-06,-0.1682
GISTEMP,1920-05-06,-0.26
GCAG,1920-04-06,-0.2098
GISTEMP,1920-04-06,-0.26
GCAG,1920-03-06,-0.0583
GISTEMP,1920-03-06,-0.08
GCAG,1920-02-06,-0.2197
GISTEMP,1920-02-06,-0.22
GCAG,1920-01-06,-0.1157
GISTEMP,1920-01-06,-0.15
GCAG,1919-12-06,-0.2980
GISTEMP,1919-12-06,-0.35
GCAG,1919-11-06,-0.3178
GISTEMP,1919-11-06,-0.29
GCAG,1919-10-06,-0.2200
GISTEMP,1919-10-06,-0.16
GCAG,1919-09-06,-0.1833
GISTEMP,1919-09-06,-0.17
GCAG,1919-08-06,-0.2077
GISTEMP,1919-08-06,-0.19
GCAG,1919-07-06,-0.2155
GISTEMP,1919-07-06,-0.21
GCAG,1919-06-06,-0.2348
GISTEMP,1919-06-06,-0.28
GCAG,1919-05-06,-0.1837
GISTEMP,1919-05-06,-0.2
GCAG,1919-04-06,-0.0704
GISTEMP,1919-04-06,-0.17
GCAG,1919-03-06,-0.2393
GISTEMP,1919-03-06,-0.25
GCAG,1919-02-06,-0.0530
GISTEMP,1919-02-06,-0.19
GCAG,1919-01-06,-0.2424
GISTEMP,1919-01-06,-0.21
GCAG,1918-12-06,-0.3195
GISTEMP,1918-12-06,-0.3
GCAG,1918-11-06,-0.1154
GISTEMP,1918-11-06,-0.16
GCAG,1918-10-06,-0.0998
GISTEMP,1918-10-06,-0.03
GCAG,1918-09-06,-0.1481
GISTEMP,1918-09-06,-0.14
GCAG,1918-08-06,-0.1777
GISTEMP,1918-08-06,-0.26
GCAG,1918-07-06,-0.2024
GISTEMP,1918-07-06,-0.22
GCAG,1918-06-06,-0.1829
GISTEMP,1918-06-06,-0.28
GCAG,1918-05-06,-0.2760
GISTEMP,1918-05-06,-0.37
GCAG,1918-04-06,-0.2966
GISTEMP,1918-04-06,-0.4
GCAG,1918-03-06,-0.1783
GISTEMP,1918-03-06,-0.21
GCAG,1918-02-06,-0.2892
GISTEMP,1918-02-06,-0.33
GCAG,1918-01-06,-0.2146
GISTEMP,1918-01-06,-0.44
GCAG,1917-12-06,-0.5329
GISTEMP,1917-12-06,-0.71
GCAG,1917-11-06,-0.1348
GISTEMP,1917-11-06,-0.29
GCAG,1917-10-06,-0.2602
GISTEMP,1917-10-06,-0.35
GCAG,1917-09-06,-0.0635
GISTEMP,1917-09-06,-0.18
GCAG,1917-08-06,-0.1726
GISTEMP,1917-08-06,-0.26
GCAG,1917-07-06,-0.1721
GISTEMP,1917-07-06,-0.23
GCAG,1917-06-06,-0.3432
GISTEMP,1917-06-06,-0.4
GCAG,1917-05-06,-0.4500
GISTEMP,1917-05-06,-0.48
GCAG,1917-04-06,-0.3146
GISTEMP,1917-04-06,-0.38
GCAG,1917-03-06,-0.4287
GISTEMP,1917-03-06,-0.47
GCAG,1917-02-06,-0.4721
GISTEMP,1917-02-06,-0.53
GCAG,1917-01-06,-0.4299
GISTEMP,1917-01-06,-0.46
GCAG,1916-12-06,-0.5742
GISTEMP,1916-12-06,-0.78
GCAG,1916-11-06,-0.3957
GISTEMP,1916-11-06,-0.42
GCAG,1916-10-06,-0.2651
GISTEMP,1916-10-06,-0.28
GCAG,1916-09-06,-0.2616
GISTEMP,1916-09-06,-0.29
GCAG,1916-08-06,-0.2743
GISTEMP,1916-08-06,-0.27
GCAG,1916-07-06,-0.2889
GISTEMP,1916-07-06,-0.34
GCAG,1916-06-06,-0.3834
GISTEMP,1916-06-06,-0.44
GCAG,1916-05-06,-0.2245
GISTEMP,1916-05-06,-0.27
GCAG,1916-04-06,-0.1978
GISTEMP,1916-04-06,-0.25
GCAG,1916-03-06,-0.2944
GISTEMP,1916-03-06,-0.31
GCAG,1916-02-06,-0.1759
GISTEMP,1916-02-06,-0.23
GCAG,1916-01-06,-0.1797
GISTEMP,1916-01-06,-0.2
GCAG,1915-12-06,-0.0503
GISTEMP,1915-12-06,-0.25
GCAG,1915-11-06,-0.0116
GISTEMP,1915-11-06,-0.12
GCAG,1915-10-06,-0.1722
GISTEMP,1915-10-06,-0.22
GCAG,1915-09-06,-0.1111
GISTEMP,1915-09-06,-0.12
GCAG,1915-08-06,-0.0760
GISTEMP,1915-08-06,-0.15
GCAG,1915-07-06,-0.0284
GISTEMP,1915-07-06,-0.03
GCAG,1915-06-06,-0.0858
GISTEMP,1915-06-06,-0.16
GCAG,1915-05-06,-0.0685
GISTEMP,1915-05-06,-0.01
GCAG,1915-04-06,0.0215
GISTEMP,1915-04-06,0.07
GCAG,1915-03-06,-0.1011
GISTEMP,1915-03-06,-0.08
GCAG,1915-02-06,-0.0108
GISTEMP,1915-02-06,-0.01
GCAG,1915-01-06,-0.1374
GISTEMP,1915-01-06,-0.2
GCAG,1914-12-06,-0.0998
GISTEMP,1914-12-06,-0.1
GCAG,1914-11-06,-0.1202
GISTEMP,1914-11-06,-0.2
GCAG,1914-10-06,-0.0938
GISTEMP,1914-10-06,-0.05
GCAG,1914-09-06,-0.1781
GISTEMP,1914-09-06,-0.13
GCAG,1914-08-06,-0.1757
GISTEMP,1914-08-06,-0.15
GCAG,1914-07-06,-0.2095
GISTEMP,1914-07-06,-0.24
GCAG,1914-06-06,-0.1963
GISTEMP,1914-06-06,-0.22
GCAG,1914-05-06,-0.1647
GISTEMP,1914-05-06,-0.19
GCAG,1914-04-06,-0.2481
GISTEMP,1914-04-06,-0.28
GCAG,1914-03-06,-0.1633
GISTEMP,1914-03-06,-0.23
GCAG,1914-02-06,-0.1203
GISTEMP,1914-02-06,-0.13
GCAG,1914-01-06,0.0961
GISTEMP,1914-01-06,0.02
GCAG,1913-12-06,-0.0374
GISTEMP,1913-12-06,-0.04
GCAG,1913-11-06,-0.1371
GISTEMP,1913-11-06,-0.18
GCAG,1913-10-06,-0.3112
GISTEMP,1913-10-06,-0.34
GCAG,1913-09-06,-0.3562
GISTEMP,1913-09-06,-0.32
GCAG,1913-08-06,-0.3280
GISTEMP,1913-08-06,-0.32
GCAG,1913-07-06,-0.3534
GISTEMP,1913-07-06,-0.34
GCAG,1913-06-06,-0.3779
GISTEMP,1913-06-06,-0.46
GCAG,1913-05-06,-0.3940
GISTEMP,1913-05-06,-0.45
GCAG,1913-04-06,-0.3506
GISTEMP,1913-04-06,-0.36
GCAG,1913-03-06,-0.4077
GISTEMP,1913-03-06,-0.44
GCAG,1913-02-06,-0.3899
GISTEMP,1913-02-06,-0.44
GCAG,1913-01-06,-0.3513
GISTEMP,1913-01-06,-0.41
GCAG,1912-12-06,-0.3553
GISTEMP,1912-12-06,-0.42
GCAG,1912-11-06,-0.4122
GISTEMP,1912-11-06,-0.38
GCAG,1912-10-06,-0.5185
GISTEMP,1912-10-06,-0.55
GCAG,1912-09-06,-0.5056
GISTEMP,1912-09-06,-0.47
GCAG,1912-08-06,-0.4516
GISTEMP,1912-08-06,-0.51
GCAG,1912-07-06,-0.3140
GISTEMP,1912-07-06,-0.41
GCAG,1912-06-06,-0.2600
GISTEMP,1912-06-06,-0.26
GCAG,1912-05-06,-0.2257
GISTEMP,1912-05-06,-0.2
GCAG,1912-04-06,-0.2027
GISTEMP,1912-04-06,-0.2
GCAG,1912-03-06,-0.3123
GISTEMP,1912-03-06,-0.37
GCAG,1912-02-06,-0.1091
GISTEMP,1912-02-06,-0.13
GCAG,1912-01-06,-0.2791
GISTEMP,1912-01-06,-0.27
GCAG,1911-12-06,-0.2456
GISTEMP,1911-12-06,-0.25
GCAG,1911-11-06,-0.2571
GISTEMP,1911-11-06,-0.2
GCAG,1911-10-06,-0.3433
GISTEMP,1911-10-06,-0.26
GCAG,1911-09-06,-0.3983
GISTEMP,1911-09-06,-0.38
GCAG,1911-08-06,-0.4541
GISTEMP,1911-08-06,-0.43
GCAG,1911-07-06,-0.4658
GISTEMP,1911-07-06,-0.41
GCAG,1911-06-06,-0.4443
GISTEMP,1911-06-06,-0.47
GCAG,1911-05-06,-0.4775
GISTEMP,1911-05-06,-0.51
GCAG,1911-04-06,-0.5099
GISTEMP,1911-04-06,-0.55
GCAG,1911-03-06,-0.5697
GISTEMP,1911-03-06,-0.62
GCAG,1911-02-06,-0.5265
GISTEMP,1911-02-06,-0.6
GCAG,1911-01-06,-0.5067
GISTEMP,1911-01-06,-0.64
GCAG,1910-12-06,-0.5626
GISTEMP,1910-12-06,-0.69
GCAG,1910-11-06,-0.4956
GISTEMP,1910-11-06,-0.56
GCAG,1910-10-06,-0.4199
GISTEMP,1910-10-06,-0.39
GCAG,1910-09-06,-0.3322
GISTEMP,1910-09-06,-0.37
GCAG,1910-08-06,-0.3325
GISTEMP,1910-08-06,-0.34
GCAG,1910-07-06,-0.3264
GISTEMP,1910-07-06,-0.31
GCAG,1910-06-06,-0.3525
GISTEMP,1910-06-06,-0.36
GCAG,1910-05-06,-0.2999
GISTEMP,1910-05-06,-0.34
GCAG,1910-04-06,-0.3390
GISTEMP,1910-04-06,-0.39
GCAG,1910-03-06,-0.4202
GISTEMP,1910-03-06,-0.47
GCAG,1910-02-06,-0.3627
GISTEMP,1910-02-06,-0.43
GCAG,1910-01-06,-0.3035
GISTEMP,1910-01-06,-0.44
GCAG,1909-12-06,-0.4071
GISTEMP,1909-12-06,-0.55
GCAG,1909-11-06,-0.2733
GISTEMP,1909-11-06,-0.31
GCAG,1909-10-06,-0.3935
GISTEMP,1909-10-06,-0.39
GCAG,1909-09-06,-0.3611
GISTEMP,1909-09-06,-0.37
GCAG,1909-08-06,-0.3052
GISTEMP,1909-08-06,-0.3
GCAG,1909-07-06,-0.4350
GISTEMP,1909-07-06,-0.43
GCAG,1909-06-06,-0.4145
GISTEMP,1909-06-06,-0.52
GCAG,1909-05-06,-0.4512
GISTEMP,1909-05-06,-0.54
GCAG,1909-04-06,-0.5264
GISTEMP,1909-04-06,-0.59
GCAG,1909-03-06,-0.5399
GISTEMP,1909-03-06,-0.52
GCAG,1909-02-06,-0.4563
GISTEMP,1909-02-06,-0.47
GCAG,1909-01-06,-0.5499
GISTEMP,1909-01-06,-0.7
GCAG,1908-12-06,-0.3846
GISTEMP,1908-12-06,-0.5
GCAG,1908-11-06,-0.4833
GISTEMP,1908-11-06,-0.51
GCAG,1908-10-06,-0.5169
GISTEMP,1908-10-06,-0.43
GCAG,1908-09-06,-0.3973
GISTEMP,1908-09-06,-0.33
GCAG,1908-08-06,-0.4787
GISTEMP,1908-08-06,-0.45
GCAG,1908-07-06,-0.3874
GISTEMP,1908-07-06,-0.35
GCAG,1908-06-06,-0.4062
GISTEMP,1908-06-06,-0.39
GCAG,1908-05-06,-0.3982
GISTEMP,1908-05-06,-0.4
GCAG,1908-04-06,-0.4832
GISTEMP,1908-04-06,-0.46
GCAG,1908-03-06,-0.6041
GISTEMP,1908-03-06,-0.58
GCAG,1908-02-06,-0.3753
GISTEMP,1908-02-06,-0.36
GCAG,1908-01-06,-0.3600
GISTEMP,1908-01-06,-0.46
GCAG,1907-12-06,-0.3922
GISTEMP,1907-12-06,-0.5
GCAG,1907-11-06,-0.5055
GISTEMP,1907-11-06,-0.51
GCAG,1907-10-06,-0.3047
GISTEMP,1907-10-06,-0.24
GCAG,1907-09-06,-0.3364
GISTEMP,1907-09-06,-0.32
GCAG,1907-08-06,-0.3378
GISTEMP,1907-08-06,-0.37
GCAG,1907-07-06,-0.3547
GISTEMP,1907-07-06,-0.35
GCAG,1907-06-06,-0.3742
GISTEMP,1907-06-06,-0.43
GCAG,1907-05-06,-0.4669
GISTEMP,1907-05-06,-0.46
GCAG,1907-04-06,-0.3508
GISTEMP,1907-04-06,-0.4
GCAG,1907-03-06,-0.2760
GISTEMP,1907-03-06,-0.25
GCAG,1907-02-06,-0.4038
GISTEMP,1907-02-06,-0.53
GCAG,1907-01-06,-0.3443
GISTEMP,1907-01-06,-0.44
GCAG,1906-12-06,-0.1650
GISTEMP,1906-12-06,-0.18
GCAG,1906-11-06,-0.3676
GISTEMP,1906-11-06,-0.38
GCAG,1906-10-06,-0.2809
GISTEMP,1906-10-06,-0.2
GCAG,1906-09-06,-0.3053
GISTEMP,1906-09-06,-0.25
GCAG,1906-08-06,-0.2362
GISTEMP,1906-08-06,-0.19
GCAG,1906-07-06,-0.2467
GISTEMP,1906-07-06,-0.27
GCAG,1906-06-06,-0.1768
GISTEMP,1906-06-06,-0.22
GCAG,1906-05-06,-0.2166
GISTEMP,1906-05-06,-0.21
GCAG,1906-04-06,-0.0514
GISTEMP,1906-04-06,-0.02
GCAG,1906-03-06,-0.1484
GISTEMP,1906-03-06,-0.15
GCAG,1906-02-06,-0.2379
GISTEMP,1906-02-06,-0.34
GCAG,1906-01-06,-0.1755
GISTEMP,1906-01-06,-0.31
GCAG,1905-12-06,-0.1334
GISTEMP,1905-12-06,-0.21
GCAG,1905-11-06,-0.0916
GISTEMP,1905-11-06,-0.08
GCAG,1905-10-06,-0.2960
GISTEMP,1905-10-06,-0.23
GCAG,1905-09-06,-0.2239
GISTEMP,1905-09-06,-0.15
GCAG,1905-08-06,-0.2275
GISTEMP,1905-08-06,-0.21
GCAG,1905-07-06,-0.1918
GISTEMP,1905-07-06,-0.25
GCAG,1905-06-06,-0.2503
GISTEMP,1905-06-06,-0.31
GCAG,1905-05-06,-0.2879
GISTEMP,1905-05-06,-0.33
GCAG,1905-04-06,-0.4481
GISTEMP,1905-04-06,-0.36
GCAG,1905-03-06,-0.3940
GISTEMP,1905-03-06,-0.25
GCAG,1905-02-06,-0.6187
GISTEMP,1905-02-06,-0.59
GCAG,1905-01-06,-0.3540
GISTEMP,1905-01-06,-0.38
GCAG,1904-12-06,-0.2414
GISTEMP,1904-12-06,-0.29
GCAG,1904-11-06,-0.1686
GISTEMP,1904-11-06,-0.16
GCAG,1904-10-06,-0.4066
GISTEMP,1904-10-06,-0.35
GCAG,1904-09-06,-0.4632
GISTEMP,1904-09-06,-0.47
GCAG,1904-08-06,-0.4314
GISTEMP,1904-08-06,-0.43
GCAG,1904-07-06,-0.4597
GISTEMP,1904-07-06,-0.48
GCAG,1904-06-06,-0.4403
GISTEMP,1904-06-06,-0.49
GCAG,1904-05-06,-0.4282
GISTEMP,1904-05-06,-0.5
GCAG,1904-04-06,-0.4717
GISTEMP,1904-04-06,-0.5
GCAG,1904-03-06,-0.5129
GISTEMP,1904-03-06,-0.46
GCAG,1904-02-06,-0.4670
GISTEMP,1904-02-06,-0.55
GCAG,1904-01-06,-0.5416
GISTEMP,1904-01-06,-0.64
GCAG,1903-12-06,-0.3861
GISTEMP,1903-12-06,-0.47
GCAG,1903-11-06,-0.3950
GISTEMP,1903-11-06,-0.38
GCAG,1903-10-06,-0.4357
GISTEMP,1903-10-06,-0.42
GCAG,1903-09-06,-0.3756
GISTEMP,1903-09-06,-0.43
GCAG,1903-08-06,-0.4296
GISTEMP,1903-08-06,-0.44
GCAG,1903-07-06,-0.3340
GISTEMP,1903-07-06,-0.3
GCAG,1903-06-06,-0.3759
GISTEMP,1903-06-06,-0.44
GCAG,1903-05-06,-0.3912
GISTEMP,1903-05-06,-0.41
GCAG,1903-04-06,-0.3540
GISTEMP,1903-04-06,-0.39
GCAG,1903-03-06,-0.2755
GISTEMP,1903-03-06,-0.23
GCAG,1903-02-06,-0.0800
GISTEMP,1903-02-06,-0.06
GCAG,1903-01-06,-0.2101
GISTEMP,1903-01-06,-0.27
GCAG,1902-12-06,-0.3592
GISTEMP,1902-12-06,-0.46
GCAG,1902-11-06,-0.3430
GISTEMP,1902-11-06,-0.36
GCAG,1902-10-06,-0.2821
GISTEMP,1902-10-06,-0.27
GCAG,1902-09-06,-0.2315
GISTEMP,1902-09-06,-0.2
GCAG,1902-08-06,-0.2643
GISTEMP,1902-08-06,-0.28
GCAG,1902-07-06,-0.2902
GISTEMP,1902-07-06,-0.26
GCAG,1902-06-06,-0.3324
GISTEMP,1902-06-06,-0.34
GCAG,1902-05-06,-0.2616
GISTEMP,1902-05-06,-0.31
GCAG,1902-04-06,-0.2697
GISTEMP,1902-04-06,-0.27
GCAG,1902-03-06,-0.1954
GISTEMP,1902-03-06,-0.29
GCAG,1902-02-06,-0.0409
GISTEMP,1902-02-06,-0.03
GCAG,1902-01-06,-0.0856
GISTEMP,1902-01-06,-0.19
GCAG,1901-12-06,-0.2372
GISTEMP,1901-12-06,-0.3
GCAG,1901-11-06,-0.1425
GISTEMP,1901-11-06,-0.17
GCAG,1901-10-06,-0.2786
GISTEMP,1901-10-06,-0.29
GCAG,1901-09-06,-0.2059
GISTEMP,1901-09-06,-0.17
GCAG,1901-08-06,-0.1299
GISTEMP,1901-08-06,-0.13
GCAG,1901-07-06,-0.1563
GISTEMP,1901-07-06,-0.09
GCAG,1901-06-06,-0.1273
GISTEMP,1901-06-06,-0.1
GCAG,1901-05-06,-0.1248
GISTEMP,1901-05-06,-0.18
GCAG,1901-04-06,-0.0646
GISTEMP,1901-04-06,-0.06
GCAG,1901-03-06,-0.0327
GISTEMP,1901-03-06,0.05
GCAG,1901-02-06,-0.0741
GISTEMP,1901-02-06,-0.05
GCAG,1901-01-06,-0.1259
GISTEMP,1901-01-06,-0.3
GCAG,1900-12-06,0.0320
GISTEMP,1900-12-06,-0.14
GCAG,1900-11-06,-0.1345
GISTEMP,1900-11-06,-0.13
GCAG,1900-10-06,0.0464
GISTEMP,1900-10-06,0.08
GCAG,1900-09-06,-0.0600
GISTEMP,1900-09-06,0.01
GCAG,1900-08-06,-0.0708
GISTEMP,1900-08-06,-0.04
GCAG,1900-07-06,-0.0728
GISTEMP,1900-07-06,-0.09
GCAG,1900-06-06,-0.0450
GISTEMP,1900-06-06,-0.15
GCAG,1900-05-06,-0.0371
GISTEMP,1900-05-06,-0.06
GCAG,1900-04-06,-0.0985
GISTEMP,1900-04-06,-0.14
GCAG,1900-03-06,-0.0402
GISTEMP,1900-03-06,0.02
GCAG,1900-02-06,-0.0934
GISTEMP,1900-02-06,-0.08
GCAG,1900-01-06,-0.2404
GISTEMP,1900-01-06,-0.4
GCAG,1899-12-06,-0.1656
GISTEMP,1899-12-06,-0.27
GCAG,1899-11-06,0.1523
GISTEMP,1899-11-06,0.12
GCAG,1899-10-06,-0.0241
GISTEMP,1899-10-06,0.0
GCAG,1899-09-06,-0.0307
GISTEMP,1899-09-06,0.0
GCAG,1899-08-06,-0.0664
GISTEMP,1899-08-06,-0.04
GCAG,1899-07-06,-0.1259
GISTEMP,1899-07-06,-0.13
GCAG,1899-06-06,-0.1977
GISTEMP,1899-06-06,-0.26
GCAG,1899-05-06,-0.1203
GISTEMP,1899-05-06,-0.2
GCAG,1899-04-06,-0.1946
GISTEMP,1899-04-06,-0.21
GCAG,1899-03-06,-0.2549
GISTEMP,1899-03-06,-0.35
GCAG,1899-02-06,-0.2787
GISTEMP,1899-02-06,-0.39
GCAG,1899-01-06,-0.1005
GISTEMP,1899-01-06,-0.18
GCAG,1898-12-06,-0.0073
GISTEMP,1898-12-06,-0.22
GCAG,1898-11-06,-0.2417
GISTEMP,1898-11-06,-0.35
GCAG,1898-10-06,-0.3234
GISTEMP,1898-10-06,-0.32
GCAG,1898-09-06,-0.1968
GISTEMP,1898-09-06,-0.19
GCAG,1898-08-06,-0.2306
GISTEMP,1898-08-06,-0.22
GCAG,1898-07-06,-0.2426
GISTEMP,1898-07-06,-0.22
GCAG,1898-06-06,-0.2078
GISTEMP,1898-06-06,-0.2
GCAG,1898-05-06,-0.2887
GISTEMP,1898-05-06,-0.35
GCAG,1898-04-06,-0.3467
GISTEMP,1898-04-06,-0.33
GCAG,1898-03-06,-0.6515
GISTEMP,1898-03-06,-0.55
GCAG,1898-02-06,-0.2785
GISTEMP,1898-02-06,-0.34
GCAG,1898-01-06,-0.0399
GISTEMP,1898-01-06,-0.06
GCAG,1897-12-06,-0.2989
GISTEMP,1897-12-06,-0.26
GCAG,1897-11-06,-0.2619
GISTEMP,1897-11-06,-0.18
GCAG,1897-10-06,-0.1608
GISTEMP,1897-10-06,-0.1
GCAG,1897-09-06,-0.0247
GISTEMP,1897-09-06,-0.04
GCAG,1897-08-06,-0.0735
GISTEMP,1897-08-06,-0.03
GCAG,1897-07-06,-0.0401
GISTEMP,1897-07-06,-0.04
GCAG,1897-06-06,-0.1000
GISTEMP,1897-06-06,-0.12
GCAG,1897-05-06,-0.0256
GISTEMP,1897-05-06,0.0
GCAG,1897-04-06,-0.0032
GISTEMP,1897-04-06,-0.01
GCAG,1897-03-06,-0.1863
GISTEMP,1897-03-06,-0.12
GCAG,1897-02-06,-0.1086
GISTEMP,1897-02-06,-0.19
GCAG,1897-01-06,-0.1857
GISTEMP,1897-01-06,-0.22
GCAG,1896-12-06,0.0490
GISTEMP,1896-12-06,-0.12
GCAG,1896-11-06,-0.1659
GISTEMP,1896-11-06,-0.16
GCAG,1896-10-06,-0.0056
GISTEMP,1896-10-06,0.04
GCAG,1896-09-06,-0.0679
GISTEMP,1896-09-06,-0.05
GCAG,1896-08-06,-0.0723
GISTEMP,1896-08-06,-0.09
GCAG,1896-07-06,-0.0509
GISTEMP,1896-07-06,-0.06
GCAG,1896-06-06,-0.0925
GISTEMP,1896-06-06,-0.13
GCAG,1896-05-06,-0.1042
GISTEMP,1896-05-06,-0.19
GCAG,1896-04-06,-0.2660
GISTEMP,1896-04-06,-0.33
GCAG,1896-03-06,-0.2079
GISTEMP,1896-03-06,-0.29
GCAG,1896-02-06,-0.0789
GISTEMP,1896-02-06,-0.15
GCAG,1896-01-06,-0.1056
GISTEMP,1896-01-06,-0.23
GCAG,1895-12-06,-0.0690
GISTEMP,1895-12-06,-0.12
GCAG,1895-11-06,-0.1602
GISTEMP,1895-11-06,-0.15
GCAG,1895-10-06,-0.1317
GISTEMP,1895-10-06,-0.11
GCAG,1895-09-06,-0.1329
GISTEMP,1895-09-06,-0.02
GCAG,1895-08-06,-0.2243
GISTEMP,1895-08-06,-0.16
GCAG,1895-07-06,-0.2010
GISTEMP,1895-07-06,-0.16
GCAG,1895-06-06,-0.2938
GISTEMP,1895-06-06,-0.25
GCAG,1895-05-06,-0.2076
GISTEMP,1895-05-06,-0.23
GCAG,1895-04-06,-0.1868
GISTEMP,1895-04-06,-0.23
GCAG,1895-03-06,-0.2879
GISTEMP,1895-03-06,-0.3
GCAG,1895-02-06,-0.4136
GISTEMP,1895-02-06,-0.42
GCAG,1895-01-06,-0.4389
GISTEMP,1895-01-06,-0.44
GCAG,1894-12-06,-0.2412
GISTEMP,1894-12-06,-0.22
GCAG,1894-11-06,-0.2979
GISTEMP,1894-11-06,-0.25
GCAG,1894-10-06,-0.2135
GISTEMP,1894-10-06,-0.17
GCAG,1894-09-06,-0.2531
GISTEMP,1894-09-06,-0.23
GCAG,1894-08-06,-0.2735
GISTEMP,1894-08-06,-0.29
GCAG,1894-07-06,-0.2738
GISTEMP,1894-07-06,-0.32
GCAG,1894-06-06,-0.3487
GISTEMP,1894-06-06,-0.43
GCAG,1894-05-06,-0.3018
GISTEMP,1894-05-06,-0.3
GCAG,1894-04-06,-0.3023
GISTEMP,1894-04-06,-0.41
GCAG,1894-03-06,-0.2064
GISTEMP,1894-03-06,-0.2
GCAG,1894-02-06,-0.2215
GISTEMP,1894-02-06,-0.31
GCAG,1894-01-06,-0.4360
GISTEMP,1894-01-06,-0.55
GCAG,1893-12-06,-0.2452
GISTEMP,1893-12-06,-0.38
GCAG,1893-11-06,-0.1657
GISTEMP,1893-11-06,-0.17
GCAG,1893-10-06,-0.2099
GISTEMP,1893-10-06,-0.16
GCAG,1893-09-06,-0.2587
GISTEMP,1893-09-06,-0.18
GCAG,1893-08-06,-0.3281
GISTEMP,1893-08-06,-0.24
GCAG,1893-07-06,-0.2018
GISTEMP,1893-07-06,-0.14
GCAG,1893-06-06,-0.2405
GISTEMP,1893-06-06,-0.24
GCAG,1893-05-06,-0.3421
GISTEMP,1893-05-06,-0.35
GCAG,1893-04-06,-0.3500
GISTEMP,1893-04-06,-0.32
GCAG,1893-03-06,-0.2218
GISTEMP,1893-03-06,-0.24
GCAG,1893-02-06,-0.6107
GISTEMP,1893-02-06,-0.51
GCAG,1893-01-06,-0.6796
GISTEMP,1893-01-06,-0.69
GCAG,1892-12-06,-0.4708
GISTEMP,1892-12-06,-0.29
GCAG,1892-11-06,-0.4728
GISTEMP,1892-11-06,-0.49
GCAG,1892-10-06,-0.2464
GISTEMP,1892-10-06,-0.17
GCAG,1892-09-06,-0.2198
GISTEMP,1892-09-06,-0.25
GCAG,1892-08-06,-0.3279
GISTEMP,1892-08-06,-0.2
GCAG,1892-07-06,-0.3497
GISTEMP,1892-07-06,-0.28
GCAG,1892-06-06,-0.2831
GISTEMP,1892-06-06,-0.2
GCAG,1892-05-06,-0.3081
GISTEMP,1892-05-06,-0.25
GCAG,1892-04-06,-0.3203
GISTEMP,1892-04-06,-0.35
GCAG,1892-03-06,-0.3032
GISTEMP,1892-03-06,-0.36
GCAG,1892-02-06,-0.1353
GISTEMP,1892-02-06,-0.15
GCAG,1892-01-06,-0.2372
GISTEMP,1892-01-06,-0.26
GCAG,1891-12-06,-0.0421
GISTEMP,1891-12-06,-0.03
GCAG,1891-11-06,-0.3968
GISTEMP,1891-11-06,-0.37
GCAG,1891-10-06,-0.2861
GISTEMP,1891-10-06,-0.24
GCAG,1891-09-06,-0.1514
GISTEMP,1891-09-06,-0.13
GCAG,1891-08-06,-0.2313
GISTEMP,1891-08-06,-0.21
GCAG,1891-07-06,-0.2264
GISTEMP,1891-07-06,-0.22
GCAG,1891-06-06,-0.2023
GISTEMP,1891-06-06,-0.22
GCAG,1891-05-06,-0.1374
GISTEMP,1891-05-06,-0.17
GCAG,1891-04-06,-0.2523
GISTEMP,1891-04-06,-0.25
GCAG,1891-03-06,-0.2120
GISTEMP,1891-03-06,-0.15
GCAG,1891-02-06,-0.5228
GISTEMP,1891-02-06,-0.49
GCAG,1891-01-06,-0.3772
GISTEMP,1891-01-06,-0.46
GCAG,1890-12-06,-0.2302
GISTEMP,1890-12-06,-0.3
GCAG,1890-11-06,-0.3419
GISTEMP,1890-11-06,-0.37
GCAG,1890-10-06,-0.2941
GISTEMP,1890-10-06,-0.23
GCAG,1890-09-06,-0.3508
GISTEMP,1890-09-06,-0.36
GCAG,1890-08-06,-0.3257
GISTEMP,1890-08-06,-0.36
GCAG,1890-07-06,-0.2802
GISTEMP,1890-07-06,-0.3
GCAG,1890-06-06,-0.2875
GISTEMP,1890-06-06,-0.27
GCAG,1890-05-06,-0.3892
GISTEMP,1890-05-06,-0.48
GCAG,1890-04-06,-0.2588
GISTEMP,1890-04-06,-0.38
GCAG,1890-03-06,-0.3189
GISTEMP,1890-03-06,-0.41
GCAG,1890-02-06,-0.4268
GISTEMP,1890-02-06,-0.48
GCAG,1890-01-06,-0.3594
GISTEMP,1890-01-06,-0.48
GCAG,1889-12-06,-0.1750
GISTEMP,1889-12-06,-0.31
GCAG,1889-11-06,-0.2769
GISTEMP,1889-11-06,-0.32
GCAG,1889-10-06,-0.1913
GISTEMP,1889-10-06,-0.22
GCAG,1889-09-06,-0.2264
GISTEMP,1889-09-06,-0.18
GCAG,1889-08-06,-0.1370
GISTEMP,1889-08-06,-0.18
GCAG,1889-07-06,-0.1604
GISTEMP,1889-07-06,-0.05
GCAG,1889-06-06,-0.0698
GISTEMP,1889-06-06,-0.12
GCAG,1889-05-06,-0.0326
GISTEMP,1889-05-06,-0.03
GCAG,1889-04-06,0.0496
GISTEMP,1889-04-06,0.04
GCAG,1889-03-06,0.1207
GISTEMP,1889-03-06,0.04
GCAG,1889-02-06,0.0152
GISTEMP,1889-02-06,0.14
GCAG,1889-01-06,-0.0944
GISTEMP,1889-01-06,-0.21
GCAG,1888-12-06,0.0445
GISTEMP,1888-12-06,-0.12
GCAG,1888-11-06,-0.0418
GISTEMP,1888-11-06,0.0
GCAG,1888-10-06,0.0190
GISTEMP,1888-10-06,0.01
GCAG,1888-09-06,-0.0690
GISTEMP,1888-09-06,-0.07
GCAG,1888-08-06,-0.1633
GISTEMP,1888-08-06,-0.11
GCAG,1888-07-06,-0.1149
GISTEMP,1888-07-06,-0.1
GCAG,1888-06-06,-0.0943
GISTEMP,1888-06-06,-0.2
GCAG,1888-05-06,-0.1561
GISTEMP,1888-05-06,-0.22
GCAG,1888-04-06,-0.1761
GISTEMP,1888-04-06,-0.28
GCAG,1888-03-06,-0.2974
GISTEMP,1888-03-06,-0.47
GCAG,1888-02-06,-0.3288
GISTEMP,1888-02-06,-0.43
GCAG,1888-01-06,-0.3871
GISTEMP,1888-01-06,-0.43
GCAG,1887-12-06,-0.1988
GISTEMP,1887-12-06,-0.38
GCAG,1887-11-06,-0.1572
GISTEMP,1887-11-06,-0.25
GCAG,1887-10-06,-0.2995
GISTEMP,1887-10-06,-0.32
GCAG,1887-09-06,-0.1827
GISTEMP,1887-09-06,-0.19
GCAG,1887-08-06,-0.3148
GISTEMP,1887-08-06,-0.28
GCAG,1887-07-06,-0.2707
GISTEMP,1887-07-06,-0.19
GCAG,1887-06-06,-0.2149
GISTEMP,1887-06-06,-0.21
GCAG,1887-05-06,-0.2390
GISTEMP,1887-05-06,-0.33
GCAG,1887-04-06,-0.1899
GISTEMP,1887-04-06,-0.37
GCAG,1887-03-06,-0.1655
GISTEMP,1887-03-06,-0.32
GCAG,1887-02-06,-0.3745
GISTEMP,1887-02-06,-0.48
GCAG,1887-01-06,-0.3792
GISTEMP,1887-01-06,-0.66
GCAG,1886-12-06,-0.1630
GISTEMP,1886-12-06,-0.25
GCAG,1886-11-06,-0.1952
GISTEMP,1886-11-06,-0.26
GCAG,1886-10-06,-0.2261
GISTEMP,1886-10-06,-0.25
GCAG,1886-09-06,-0.1969
GISTEMP,1886-09-06,-0.19
GCAG,1886-08-06,-0.2146
GISTEMP,1886-08-06,-0.31
GCAG,1886-07-06,-0.1599
GISTEMP,1886-07-06,-0.16
GCAG,1886-06-06,-0.2468
GISTEMP,1886-06-06,-0.39
GCAG,1886-05-06,-0.1573
GISTEMP,1886-05-06,-0.27
GCAG,1886-04-06,-0.1679
GISTEMP,1886-04-06,-0.29
GCAG,1886-03-06,-0.2823
GISTEMP,1886-03-06,-0.41
GCAG,1886-02-06,-0.2795
GISTEMP,1886-02-06,-0.46
GCAG,1886-01-06,-0.1143
GISTEMP,1886-01-06,-0.43
GCAG,1885-12-06,0.0500
GISTEMP,1885-12-06,-0.07
GCAG,1885-11-06,-0.1262
GISTEMP,1885-11-06,-0.22
GCAG,1885-10-06,-0.1289
GISTEMP,1885-10-06,-0.2
GCAG,1885-09-06,-0.1963
GISTEMP,1885-09-06,-0.19
GCAG,1885-08-06,-0.2407
GISTEMP,1885-08-06,-0.27
GCAG,1885-07-06,-0.2375
GISTEMP,1885-07-06,-0.29
GCAG,1885-06-06,-0.3052
GISTEMP,1885-06-06,-0.5
GCAG,1885-05-06,-0.2787
GISTEMP,1885-05-06,-0.42
GCAG,1885-04-06,-0.2564
GISTEMP,1885-04-06,-0.45
GCAG,1885-03-06,-0.1473
GISTEMP,1885-03-06,-0.24
GCAG,1885-02-06,-0.2558
GISTEMP,1885-02-06,-0.3
GCAG,1885-01-06,-0.4267
GISTEMP,1885-01-06,-0.66
GCAG,1884-12-06,-0.1440
GISTEMP,1884-12-06,-0.3
GCAG,1884-11-06,-0.2692
GISTEMP,1884-11-06,-0.3
GCAG,1884-10-06,-0.1695
GISTEMP,1884-10-06,-0.22
GCAG,1884-09-06,-0.2238
GISTEMP,1884-09-06,-0.24
GCAG,1884-08-06,-0.2698
GISTEMP,1884-08-06,-0.27
GCAG,1884-07-06,-0.2985
GISTEMP,1884-07-06,-0.35
GCAG,1884-06-06,-0.1939
GISTEMP,1884-06-06,-0.38
GCAG,1884-05-06,-0.1282
GISTEMP,1884-05-06,-0.32
GCAG,1884-04-06,-0.1809
GISTEMP,1884-04-06,-0.36
GCAG,1884-03-06,-0.2061
GISTEMP,1884-03-06,-0.36
GCAG,1884-02-06,-0.1430
GISTEMP,1884-02-06,-0.13
GCAG,1884-01-06,-0.1843
GISTEMP,1884-01-06,-0.18
GCAG,1883-12-06,-0.0738
GISTEMP,1883-12-06,-0.19
GCAG,1883-11-06,-0.1683
GISTEMP,1883-11-06,-0.21
GCAG,1883-10-06,-0.1612
GISTEMP,1883-10-06,-0.12
GCAG,1883-09-06,-0.1467
GISTEMP,1883-09-06,-0.19
GCAG,1883-08-06,-0.0526
GISTEMP,1883-08-06,-0.14
GCAG,1883-07-06,-0.0849
GISTEMP,1883-07-06,-0.09
GCAG,1883-06-06,-0.0066
GISTEMP,1883-06-06,-0.13
GCAG,1883-05-06,-0.1455
GISTEMP,1883-05-06,-0.26
GCAG,1883-04-06,-0.1746
GISTEMP,1883-04-06,-0.25
GCAG,1883-03-06,-0.1326
GISTEMP,1883-03-06,-0.18
GCAG,1883-02-06,-0.2915
GISTEMP,1883-02-06,-0.42
GCAG,1883-01-06,-0.2707
GISTEMP,1883-01-06,-0.34
GCAG,1882-12-06,-0.1705
GISTEMP,1882-12-06,-0.25
GCAG,1882-11-06,-0.1279
GISTEMP,1882-11-06,-0.21
GCAG,1882-10-06,-0.2101
GISTEMP,1882-10-06,-0.23
GCAG,1882-09-06,0.0077
GISTEMP,1882-09-06,-0.01
GCAG,1882-08-06,-0.0037
GISTEMP,1882-08-06,0.03
GCAG,1882-07-06,-0.0666
GISTEMP,1882-07-06,-0.11
GCAG,1882-06-06,-0.1391
GISTEMP,1882-06-06,-0.25
GCAG,1882-05-06,-0.1459
GISTEMP,1882-05-06,-0.18
GCAG,1882-04-06,-0.1241
GISTEMP,1882-04-06,-0.2
GCAG,1882-03-06,0.0754
GISTEMP,1882-03-06,0.01
GCAG,1882-02-06,0.0385
GISTEMP,1882-02-06,0.08
GCAG,1882-01-06,0.0883
GISTEMP,1882-01-06,0.09
GCAG,1881-12-06,-0.0439
GISTEMP,1881-12-06,-0.16
GCAG,1881-11-06,-0.2194
GISTEMP,1881-11-06,-0.26
GCAG,1881-10-06,-0.2207
GISTEMP,1881-10-06,-0.2
GCAG,1881-09-06,-0.1824
GISTEMP,1881-09-06,-0.09
GCAG,1881-08-06,-0.0519
GISTEMP,1881-08-06,-0.03
GCAG,1881-07-06,-0.0329
GISTEMP,1881-07-06,-0.07
GCAG,1881-06-06,-0.0892
GISTEMP,1881-06-06,-0.28
GCAG,1881-05-06,0.0284
GISTEMP,1881-05-06,-0.04
GCAG,1881-04-06,0.0734
GISTEMP,1881-04-06,-0.03
GCAG,1881-03-06,0.0348
GISTEMP,1881-03-06,0.01
GCAG,1881-02-06,-0.0296
GISTEMP,1881-02-06,-0.14
GCAG,1881-01-06,-0.0205
GISTEMP,1881-01-06,-0.1
GCAG,1880-12-06,-0.0775
GISTEMP,1880-12-06,-0.22
GCAG,1880-11-06,-0.2672
GISTEMP,1880-11-06,-0.19
GCAG,1880-10-06,-0.1786
GISTEMP,1880-10-06,-0.16
GCAG,1880-09-06,-0.0817
GISTEMP,1880-09-06,-0.17
GCAG,1880-08-06,-0.0725
GISTEMP,1880-08-06,-0.08
GCAG,1880-07-06,-0.1491
GISTEMP,1880-07-06,-0.24
GCAG,1880-06-06,-0.1692
GISTEMP,1880-06-06,-0.29
GCAG,1880-05-06,-0.0738
GISTEMP,1880-05-06,-0.14
GCAG,1880-04-06,-0.0499
GISTEMP,1880-04-06,-0.27
GCAG,1880-03-06,-0.1357
GISTEMP,1880-03-06,-0.18
GCAG,1880-02-06,-0.1229
GISTEMP,1880-02-06,-0.21
GCAG,1880-01-06,0.0009
GISTEMP,1880-01-06,-0.3
