feature,amplitude,percent_beyond_1_std,percent_close_to_median,skew,max_slope
channel,0,0,0,0,0
0,143.5,0.3273126678057115,0.5050036612155235,0.03280499636078603,11107.796610166752
1,211.5,0.29021235050036615,0.6404686355870148,-0.09271499211959769,20653.559322035173
2,165.0,0.3026604832804491,0.5159873077861851,-0.004099908422673498,13537.627118640728
3,171.5,0.300951916036124,0.5411276543812545,0.06367751324413805,17008.813559317838
4,170.0,0.305101293629485,0.5662680009763241,0.14275337323253015,13016.949152543175
5,151.5,0.3087625091530388,0.5247742250427142,0.0025011817593482595,10934.237288132896
6,162.0,0.30851842811813524,0.5318525750549182,0.003178683279414835,12843.389830505306
7,126.5,0.32462777642177204,0.565779838906517,-0.023596653944598325,8851.525423732088
8,105.0,0.32413961435196487,0.491091042226019,-0.002426031720372573,7463.050847455786
9,156.0,0.3021723212106419,0.546741518184037,0.20265028735172702,10934.237288132896
10,149.5,0.3107151574322675,0.5643153526970954,-0.12018981338006451,8677.966101692775
11,138.5,0.29558213326824506,0.528435440566268,-0.0914853389237861,13537.627118640728
12,109.0,0.3129118867463998,0.49694898706370516,0.005112452544532662,9025.084745760485
13,155.5,0.3019282401757383,0.5599218940688309,0.0551950414951377,8330.847457627633
14,102.0,0.30851842811813524,0.5555284354405663,-0.2813200124947303,7636.610169491996
15,184.0,0.300951916036124,0.5696851354649743,-0.19576677245427937,19265.084745757962
16,105.0,0.3019282401757383,0.5064681474249451,0.05057527697813485,9892.881355929763
17,195.5,0.2950939711984379,0.5660239199414205,0.07750325162235075,13364.067796615114
18,104.0,0.3087625091530388,0.5093971198437881,-0.047926331764203724,9372.203389831086
19,91.0,0.3170612643397608,0.5184281181352209,-0.12282530171016943,6942.3728813585
20,112.0,0.31388821088601415,0.564559433731999,0.19772523755260535,14231.86440677615
21,104.5,0.30339272638515985,0.5301440078105931,0.009343864947020985,19785.762711859526
22,190.5,0.2948498901635343,0.586526726873322,-0.18445856807259337,12843.389830508771
23,132.0,0.3143763729558213,0.5482060043934587,0.05441434741046727,16488.135593226438
24,159.5,0.3109592384671711,0.4635098852819136,-0.0901991558303276,13016.949152543175
25,253.0,0.30851842811813524,0.6429094459360508,-0.11708687788202442,23430.508474577717
26,130.5,0.3094947522577496,0.5135464974371491,0.008883432689729694,14752.54237288113
27,117.5,0.31193556260678545,0.5098852819135953,-0.07316764334419591,9198.644067794341
28,185.0,0.3019282401757383,0.6258237734927996,0.06531278308475195,15273.220338983992
29,218.0,0.3043690505247742,0.6058091286307054,0.0960385552926802,22562.711864404693
30,110.5,0.2963143763729558,0.5787161337564072,0.07790220910380466,6421.694915254633
31,91.0,0.300951916036124,0.517207712960703,-0.02665173820853917,8157.288135593723
32,172.0,0.30803026604832806,0.5713937027092995,0.1281218207705191,21521.35593220472
33,151.5,0.2982670246521845,0.5508908957773981,0.19479536922250987,15446.779661013139
34,192.5,0.3070539419087137,0.5259946302172321,0.1944848378138337,9545.762711867937
35,185.5,0.3126678057114962,0.5679765682206492,-0.17373333914649158,10934.237288139639
36,152.0,0.3212106419331218,0.49890163534293386,-0.12839434685318554,11802.033898305812
37,77.5,0.30656577983890654,0.49304369050524777,0.07675374403247699,6942.3728813585
38,210.0,0.29753478154747376,0.5589455699292165,-0.14888363338453664,23604.067796604348
39,131.0,0.31974615572370024,0.560410056138638,0.02578137341318412,14405.423728813337
40,158.5,0.3231632902123505,0.5120820112277276,0.01279664987429101,15793.898305080851
41,85.5,0.32487185745667563,0.5252623871125214,0.08600235300137501,8157.288135591209
42,119.0,0.3109592384671711,0.5552843544056627,0.1262179320381637,9198.644067796646
43,162.5,0.31242372467659263,0.5430803026604832,-0.13702931248190797,12669.830508475357
44,161.0,0.31047107639736393,0.5814010251403466,0.06799017285955924,10239.999999999842
45,156.0,0.2909445936050769,0.6072736148401269,0.050949044827945746,10934.237288135424
46,157.0,0.3112033195020747,0.535513790578472,-0.09044246584647368,10413.55932203133
47,170.0,0.2987551867219917,0.5794483768611179,-0.27929314157056667,26728.135593213745
48,116.5,0.3094947522577496,0.5362460336831828,0.08411350317599015,17355.93220338555
49,184.5,0.31364412985111056,0.5294117647058824,-0.05568467198929736,12669.830508471452
50,152.0,0.3004637539663168,0.5796924578960215,0.042278635183069,16314.576271187447
51,158.0,0.3234073712472541,0.5933609958506224,0.10240705352065199,18050.169491526536
52,110.0,0.3170612643397608,0.5140346595069563,-0.14830482464416553,7636.610169491996
53,188.5,0.31974615572370024,0.5240419819380034,-0.07282103060058218,23083.38983050278
54,166.5,0.3087625091530388,0.5450329509397119,-0.06717106475638081,17182.372881351694
55,165.5,0.3112033195020747,0.5018306077617769,-0.029556580074265235,14926.101694916175
56,176.5,0.305101293629485,0.5472296802538443,0.0738900009776722,14752.542372886814
57,141.5,0.3278008298755187,0.5233097388332927,-0.10793657338677244,12843.389830509266
58,138.5,0.3109592384671711,0.5596778130339273,-0.02674970530364729,8504.406779658919
59,112.5,0.31193556260678545,0.511837930192824,0.10408196642892907,9025.084745760485
60,75.5,0.3053453746643886,0.5169636319257994,-0.07186513816829429,6074.576271186816
61,229.0,0.2662924090798145,0.6675616304613131,-0.0890551466197215,12149.152542369884
62,114.0,0.31974615572370024,0.4947522577495729,0.1592440030908038,11975.59322033603
63,160.0,0.3024164022455455,0.5528435440566268,-0.013304940593891493,12322.71186440374
64,151.0,0.30119599707102757,0.597754454478887,0.01659679798518148,11802.033898302174
65,83.0,0.30998291432755676,0.5023187698315841,-0.10337812351339892,10934.237288132896
66,160.5,0.303880888454967,0.5357578716133756,-0.1318463160088896,10934.237288136268
67,157.0,0.303880888454967,0.5699292164998779,-0.18634578591698683,11975.59322033972
68,158.0,0.33707590920185504,0.4652184525262387,0.04290607378154484,11281.355932203405
69,160.0,0.30851842811813524,0.5028069319013913,-0.09693873069555951,11975.593220343413
70,182.0,0.3214547229680254,0.5079326336343666,0.039788323027199174,14578.983050843863
71,153.5,0.3214547229680254,0.4979253112033195,0.046354025407720184,13016.949152539162
72,93.0,0.31730534537466437,0.5374664388577007,-0.040916364244612244,8157.288135591209
73,135.5,0.30851842811813524,0.5111056870881132,-0.016050162578528503,9198.644067794341
74,154.0,0.3270685867708079,0.5115938491579204,0.08890377434229327,12149.152542369884
75,142.5,0.2909445936050769,0.604832804491091,-0.35237033147660357,8677.966101692775
76,197.5,0.300951916036124,0.5804247010007323,-0.13680448311099466,23256.949152543806
77,161.0,0.30632169880400295,0.6150842079570418,-0.004943108577697385,14058.30508474663
78,126.5,0.31242372467659263,0.5013424456919697,0.16050139028577426,10066.440677969826
79,70.5,0.3309738833292653,0.4693678301195997,-0.059687350093763906,6595.2542372905755
80,136.5,0.3077861850134245,0.528435440566268,-0.1583681960920406,10934.237288135424
81,195.0,0.3070539419087137,0.5945814010251403,0.023071260958911443,13190.508474577084
82,109.5,0.3143763729558213,0.5301440078105931,-0.15972747233765447,16314.576271187447
83,124.5,0.3170612643397608,0.47644618013180373,-0.029448968728342195,12322.71186440754
84,163.0,0.3053453746643886,0.5457651940444227,0.16893582887187686,17355.9322033909
85,138.5,0.30827434708323165,0.5137905784720527,-0.09936851581024819,11281.355932207563
86,139.0,0.3004637539663168,0.5291676836709788,-0.000687710262205894,12322.71186440754
87,146.5,0.300951916036124,0.5218452526238712,-0.0626146354656131,13884.74576270844
88,131.5,0.30803026604832806,0.535513790578472,0.027440998554386104,13537.627118644903
89,193.0,0.3112033195020747,0.5777398096167927,-0.025072066701994803,13711.186440678812
90,144.5,0.31632902123505,0.4874298267024652,-0.04670618265914194,10760.67796610236
91,187.5,0.3019282401757383,0.6416890407615329,-0.1821313415554348,11975.59322033603
92,159.5,0.3053453746643886,0.5399072492067366,0.053677976173119986,13711.18644068304
93,196.0,0.29362948498901636,0.5731022699536246,-0.10397035981041869,18223.728813554826
94,179.5,0.30998291432755676,0.5872589699780327,-0.12221028049891067,14405.423728810007
95,217.5,0.28118135220893337,0.7144251891628021,-0.10178878324101877,16488.135593216273
96,149.5,0.29607029533805224,0.553331706126434,-0.18852667303438408,14405.423728810007
97,154.5,0.3043690505247742,0.5323407371247254,-0.15735832993597343,9719.322033895907
98,162.5,0.3212106419331218,0.5257505491823286,0.006840407593553521,12843.389830507287
99,151.0,0.2928972418843056,0.5572370026848914,0.21180852814184375,11454.915254237994
100,204.0,0.3077861850134245,0.5123260922626311,0.04828606506025026,42001.35593220598
101,327.5,0.33390285574810835,0.4373932145472297,0.07224288114800591,59010.169491529065
102,180.0,0.3109592384671711,0.5596778130339273,0.1682968468974367,17355.932203396253
103,156.5,0.3112033195020747,0.47913107151574325,-0.10845178127318873,12669.830508475357
104,224.0,0.3187698315840859,0.5711496216743959,0.12434966474966874,19438.644067791814
105,279.5,0.3475713937027093,0.3861361972174762,-0.05712565370260951,48075.9322033928
106,354.5,0.338296314376373,0.48254820600439347,0.012238628136870931,42348.474576273795
107,216.5,0.3090065901879424,0.48865023187698314,0.04931542198837519,27075.254237289806
108,203.5,0.31608494020014644,0.48669758359775445,-0.0879855311968265,35406.10169491744
109,185.0,0.30632169880400295,0.553331706126434,0.03882361642848398,20653.559322028803
110,186.0,0.31632902123505,0.561630461313156,0.13859366396532377,14405.423728814447
111,209.0,0.2985111056870881,0.5928728337808152,0.022401690648624677,25166.101694909048
112,242.5,0.300951916036124,0.5401513302416402,0.2854546158209247,22736.27118644208
113,241.0,0.30314864535025626,0.5565047595801806,0.02696295145001843,24645.42372881508
114,204.0,0.31413229192091774,0.503539175006102,-0.09725939589433434,20653.559322035173
115,200.0,0.3165731022699536,0.5508908957773981,0.1276460159119754,16661.694915255266
116,168.5,0.3004637539663168,0.5767634854771784,0.03855256906546692,13364.067796610994
117,158.5,0.31754942640956796,0.5208689284842568,-0.06718824772476736,13711.186440678812
118,192.5,0.29216499877959484,0.5457651940444227,0.06079859581591024,18223.728813560447
119,218.0,0.3004637539663168,0.575787161337564,-0.01568708445509518,17355.932203396253
120,311.0,0.2970466194776666,0.6136197217476203,0.21743915805848246,21694.91525423194
121,167.5,0.3182816695142787,0.4940200146448621,0.18143201095874387,14578.983050843863
122,231.0,0.31779350744447155,0.5560165975103735,0.09916516670096082,25860.338983060414
123,269.5,0.3087625091530388,0.556260678545277,-0.01252411785912201,25686.779661016553
124,278.5,0.3046131315596778,0.6111789113985844,-0.17174297701557836,24992.542372875192
125,181.5,0.31022699536246034,0.5545521113009519,0.045062552400909194,15446.779661016712
126,182.0,0.30998291432755676,0.5709055406394923,-0.04035148941558203,15967.457627118398
127,182.0,0.3126678057114962,0.5391750061020258,-0.04044455438291556,14752.542372877717
128,256.0,0.3053453746643886,0.5111056870881132,-0.07509688495530134,24298.305084739768
129,191.0,0.30851842811813524,0.5989748596534049,-0.09054962439377601,15446.779661013139
130,197.5,0.30485721259458143,0.5867708079082256,-0.018787971357900154,18570.84745763399
131,248.5,0.30119599707102757,0.6175250183060776,0.08614798686312188,21000.677966096515
132,248.0,0.300951916036124,0.5679765682206492,-0.09009249720930514,22736.27118644208
133,311.0,0.29045643153526973,0.5845740785940933,0.21935099109565503,27422.372881357624
134,196.0,0.31022699536246034,0.5072003905296558,0.11485110258228737,19785.762711859526
135,272.0,0.30851842811813524,0.5416158164510617,-0.031308879448844744,25513.220338976756
136,267.5,0.29045643153526973,0.5399072492067366,0.06679465574251647,20653.559322033878
137,208.0,0.313400048816207,0.5120820112277276,0.05594880436024939,21521.355932198083
138,190.0,0.32267512814254334,0.5115938491579204,0.06214659500427859,18744.406779656394
139,202.5,0.30998291432755676,0.5399072492067366,0.10071730975436947,16661.694915260403
140,220.0,0.29948742982670246,0.556260678545277,0.17448533607403013,36447.45762710965
141,173.5,0.3019282401757383,0.5506468147424946,0.021618092519283486,16835.254237289173
142,181.0,0.31632902123505,0.5364901147180864,0.00045227528100456215,22215.593220340354
143,135.0,0.31584085916524285,0.5267268733219429,0.07072670926352863,8504.406779658919
144,237.5,0.2963143763729558,0.5806687820356359,0.28763292171475,19785.762711859526
145,141.5,0.3114474005369783,0.5711496216743959,-0.025362285320020123,16661.69491525013
146,266.0,0.30656577983890654,0.5840859165242861,0.06570609753059917,19612.203389831717
147,240.0,0.2828899194532585,0.6009275079326336,0.11664289802041249,19091.525423724106
148,135.0,0.29387356602391995,0.5501586526726874,0.13110445207889823,13884.74576270844
149,110.0,0.3214547229680254,0.532584818159629,0.05164158419802332,8677.966101692775
150,142.5,0.30119599707102757,0.5496704906028802,-0.05887513733117941,19612.203389830585
151,175.5,0.3007078350012204,0.5938491579204296,-0.10071347787584078,27769.491525423302
152,217.5,0.29729070051257017,0.5879912130827435,0.3102097780255876,18397.288135588682
153,141.5,0.31364412985111056,0.5364901147180864,0.18210961815851337,19612.203389830207
154,240.0,0.27971686599951184,0.5584574078594093,0.20280597386301966,27248.813559323713
155,262.0,0.30607761776909936,0.5357578716133756,0.34344967838090124,26033.898305084596
156,148.5,0.28313400048816206,0.5682206492555528,0.10285547381492562,13190.508474577084
157,155.5,0.30339272638515985,0.6038564803514767,-0.0696340025807991,11628.474576271006
158,119.0,0.3087625091530388,0.5582133268245058,-0.24531599482318206,11107.7966101736
159,342.0,0.3353673419575299,0.4967049060288016,0.13438660872246813,23430.50847457049
160,213.0,0.31559677813033926,0.5013424456919697,0.10474866050781124,35058.98305083881
161,286.0,0.33024164022455454,0.45203807664144496,-0.014372976432536018,21174.23728813037
162,345.5,0.31608494020014644,0.528435440566268,0.09357775570762318,25860.33898304447
163,298.5,0.33219428850378324,0.43446424212838664,0.08070001832924671,46513.89830507327
164,175.5,0.31242372467659263,0.5650475958018062,0.0531050138145726,15967.457627114705
165,269.0,0.33390285574810835,0.4327556748840615,-0.025284481083179593,47902.37288134412
166,230.5,0.313400048816207,0.5474737612887479,-0.008462905728527067,32108.474576263266
167,188.5,0.3238955333170613,0.5313644129851111,0.04416841926989279,25860.33898304447
168,164.0,0.3077861850134245,0.5772516475469855,0.08928373911958869,22389.15254236736
169,154.0,0.3146204539907249,0.5157432267512815,-0.09717470727122587,9025.084745763268
170,213.0,0.3019282401757383,0.5333170612643398,0.11879155964560059,26033.898305078324
171,151.0,0.2963143763729558,0.5699292164998779,-0.0072176859472959706,11454.915254237994
172,163.0,0.3077861850134245,0.5120820112277276,0.06500496979035442,19091.525423729992
173,250.0,0.31559677813033926,0.539663168171833,0.2684321060546761,19438.6440678038
174,168.5,0.29729070051257017,0.5630949475225775,0.2622378858873994,13016.949152539162
175,279.5,0.30803026604832806,0.6224066390041494,0.08601994324700231,31414.237288135108
176,277.5,0.3002196729314132,0.5909201855015865,0.20335566569455824,39050.847457626514
177,167.0,0.3046131315596778,0.5501586526726874,-0.02873459043307313,11975.593220338798
178,258.5,0.29607029533805224,0.585306321698804,0.5136023259308607,23083.3898305099
179,197.0,0.3146204539907249,0.48865023187698314,0.19844687568556396,17876.61016949263
180,201.0,0.2982670246521845,0.5057359043202343,0.1374569837123336,23430.50847457049
181,290.0,0.2909445936050769,0.586526726873322,0.24791300801672272,20306.440677961094
182,178.0,0.3151086160605321,0.5135464974371491,0.11349259590790252,16488.135593220086
183,376.5,0.3170612643397608,0.5328288991945326,0.04052130022969051,29157.96610169222
184,157.5,0.3055894556992922,0.5630949475225775,-0.01938415060191366,14231.864406784925
185,321.5,0.32413961435196487,0.49060288015621184,-0.07771118401326607,40265.7627118793
186,321.5,0.31169148157188187,0.4898706370515011,-0.012010674894565724,24645.42372880748
187,201.0,0.31364412985111056,0.5425921405906761,0.05770463897918462,15620.338983049403
188,195.5,0.30973883329265317,0.6243592872833781,0.1281472273759214,15273.220338983992
189,334.5,0.3202343177935074,0.4608249938979741,0.13164390950506583,25339.661016942904
190,286.0,0.3292653160849402,0.4571637783744203,0.004895579787301541,21347.79661017739
191,225.0,0.31559677813033926,0.5303880888454967,-0.11512819282917286,13884.745762711651
192,177.5,0.29924334879179887,0.5298999267756895,-0.14098090953076667,14058.305084742295
193,288.0,0.30168415914083474,0.5093971198437881,0.11005849496816567,14405.423728818889
194,224.5,0.29387356602391995,0.6329021235050036,0.2576425151578528,16835.254237288525
195,202.5,0.29973151086160604,0.5591896509641201,-0.06371037463343007,14578.983050848357
196,230.5,0.3212106419331218,0.5257505491823286,-0.193802023192496,15793.89830508572
197,214.5,0.3126678057114962,0.5477178423236515,-0.30323344893923665,16661.694915255266
198,169.0,0.3212106419331218,0.5203807664144496,0.15905100823118742,17355.93220338555
199,194.5,0.29387356602391995,0.5694410544300708,0.15182874063604598,14405.423728810007
200,179.0,0.28874786429094457,0.5462533561142299,-0.33330004790059464,7289.491525424179
201,248.5,0.2880156211862338,0.565779838906517,-0.02443848532901808,7636.6101694896415
202,243.0,0.2946058091286307,0.6060532096656089,-0.0509380883008116,10760.677966105675
203,80.5,0.30998291432755676,0.6060532096656089,-0.1360031352821077,3124.067796610121
204,251.0,0.30144007810593115,0.5447888699048083,0.13694649563577466,18744.406779656394
205,234.0,0.28874786429094457,0.525506468147425,0.1857276917119002,19959.322033893382
206,250.0,0.3055894556992922,0.5013424456919697,-0.18267381623346732,12322.71186440754
207,94.0,0.3087625091530388,0.5152550646814742,-0.18589588503012977,3297.6271186432546
208,293.5,0.26922138149865754,0.6092262631193556,-0.02985421327348107,12843.389830505306
209,352.5,0.30827434708323165,0.5638271906272883,0.27282471271526926,26381.016949146036
210,112.5,0.2828899194532585,0.5752989992677568,-0.2601011940950557,7983.728813557353
211,248.0,0.2948498901635343,0.5735904320234317,-0.3980988465660921,10066.44067796362
212,111.5,0.31193556260678545,0.48669758359775445,-0.09215673302613546,6768.813559320364
213,95.5,0.3026604832804491,0.4691237490846961,-0.017949237041026952,3644.7457627120893
214,124.5,0.3114474005369783,0.5530876250915304,0.04787766841127168,6595.2542372905755
215,199.5,0.3024164022455455,0.5230656577983891,0.05674336552021033,12322.71186440374
216,197.5,0.2533561142299243,0.7349279960947035,-0.3791510676656608,7463.050847458087
217,66.5,0.3190139126189895,0.5037832560410056,-0.28926392718523347,2950.508474575998
218,182.0,0.31388821088601415,0.6263119355626068,0.10485040663441803,15620.338983046995
219,102.0,0.31950207468879666,0.5184281181352209,-0.315462932261711,3818.305084745998
220,325.0,0.2989992677568953,0.643397608005858,0.36313982864471606,15099.661016950084
221,241.5,0.28972418843055897,0.5181840371003174,-0.1865507614236294,18397.288135588682
222,280.5,0.32072247986331465,0.5735904320234317,-0.2832808857430427,33149.8305084664
223,244.0,0.31584085916524285,0.5494264095679766,0.12628267512394942,12149.152542373631
224,155.0,0.29948742982670246,0.49743714913351234,0.2543513683014751,5553.89830508466
225,154.0,0.28118135220893337,0.5233097388332927,-0.13514035397446264,10413.55932203133
226,68.0,0.31584085916524285,0.4893824749816939,-0.13029526225427665,4686.1016949140985
227,147.0,0.29192091774469126,0.5621186233829631,0.20356842212995307,6421.694915254138
228,176.5,0.2946058091286307,0.5765194044422748,-0.29079593905453843,6421.694915254633
229,304.0,0.3290212350500366,0.5247742250427142,-0.20130980598060588,37315.25423727893
230,207.5,0.2640956797656822,0.6804979253112033,-0.1061225819050736,10587.118644067787
231,164.0,0.2931413229192092,0.5665120820112277,-0.011431120568466594,6595.2542372905755
232,279.0,0.3055894556992922,0.5391750061020258,0.05035805320316083,12843.389830509266
233,102.5,0.32584818159629,0.5152550646814742,-0.273387889058764,7810.1694915234975
234,255.0,0.29411764705882354,0.5008542836221626,-0.29678809470847334,34017.627118635675
235,159.0,0.21723212106419332,0.665853063216988,-1.3340443573371252,10587.118644067634
236,184.5,0.28362216255796924,0.5843299975591897,-0.060674390947377185,7289.491525424179
237,150.0,0.27605565047595804,0.6783011959970711,-0.4006125874674907,10413.55932203133
238,121.5,0.292653160849402,0.5845740785940933,-0.23830425165315736,12322.71186440374
239,112.5,0.29558213326824506,0.5589455699292165,-0.2317676442884849,11628.474576268318
240,302.0,0.2877715401513302,0.6602391994142055,-0.2717117561410131,39224.40677965134
241,65.5,0.31388821088601415,0.5240419819380034,-0.31721666098774204,7289.491525421931
242,183.5,0.2499389797412741,0.6097144251891629,-0.9371639738206621,11802.033898305812
243,83.5,0.30168415914083474,0.6241152062484745,-0.1377999572137664,2776.949152542544
244,276.0,0.27288259702221135,0.622650720039053,-0.1345356341451504,14752.542372882266
245,122.5,0.3165731022699536,0.48450085428362216,-0.05856882881523893,5553.898305083376
246,192.0,0.2750793263363437,0.5164754698559922,-0.34626077095842456,11975.593220338798
247,187.0,0.2928972418843056,0.5191603612399317,0.05380516017935465,12322.71186440659
248,253.5,0.3055894556992922,0.5579692457896022,0.03751182432332176,13537.627118644903
249,279.5,0.2745911642665365,0.6175250183060776,-0.23732438505257822,27769.491525434
250,405.5,0.2809372711740298,0.6441298511105688,0.11638621353092922,16141.016949152916
251,147.5,0.3053453746643886,0.5489382474981694,0.05159773737842811,10760.67796610236
252,191.0,0.3077861850134245,0.5494264095679766,0.113632020539745,18744.406779656394
253,246.0,0.2985111056870881,0.565779838906517,0.0619299064050665,23430.50847457049
254,99.0,0.32047839882841106,0.48303636807420064,-0.3471222684218669,3644.745762713213
255,159.0,0.2882597022211374,0.5565047595801806,-0.18641056787944785,10587.118644065185
256,169.0,0.31047107639736393,0.550402733707591,0.07584812526911718,11454.915254234464
257,209.5,0.31217964364168904,0.467415181840371,-0.13383812542404377,9545.762711862053
258,261.5,0.33585550402733705,0.514766902611667,-0.1529374649001519,10587.118644068449
259,120.0,0.2604344642421284,0.6412008786917257,-0.2745513514975018,7636.6101694896415
260,198.5,0.30656577983890654,0.5252623871125214,0.07664210568162383,9198.644067794341
261,204.5,0.3041249694898706,0.520136685379546,-0.09086872937489712,11802.033898302174
262,157.5,0.29948742982670246,0.5176958750305102,-0.24930882111640837,16314.576271182417
263,238.0,0.267756895289236,0.7039297046619478,-0.6438464916935696,18050.16949152097
264,213.0,0.3019282401757383,0.521357090554064,-0.30219454095088183,29505.084745755434
265,158.0,0.30168415914083474,0.557481083719795,-0.16468893669938775,10239.999999997475
266,238.0,0.288503783256041,0.557481083719795,-0.05817235516327104,9372.203389830363
267,214.0,0.3026604832804491,0.5130583353673419,0.24463854687008826,6074.576271184942
268,137.5,0.29192091774469126,0.5821332682450574,-0.13103680570031406,5553.898305083376
269,146.0,0.3202343177935074,0.48865023187698314,-0.29276084351928033,10413.55932203133
270,189.0,0.3024164022455455,0.5535757871613376,-0.22188246304668502,10240.000000000631
271,175.0,0.3021723212106419,0.49548450085428364,0.020577370605926713,6768.8135593224515
272,86.5,0.3026604832804491,0.6702465218452526,-0.2793013032442753,5206.779661015665
273,96.5,0.31242372467659263,0.5157432267512815,-0.010771747137440325,4165.4237288134955
274,81.0,0.29924334879179887,0.4776665853063217,-0.13847887311390522,3297.6271186432546
275,152.0,0.3046131315596778,0.5303880888454967,-0.2902096011651382,9545.762711862053
276,236.5,0.3431779350744447,0.5018306077617769,-0.08298460670164366,29157.966101687725
277,91.0,0.31925799365389307,0.5037832560410056,-0.33949023695834407,10413.55932203133
278,191.0,0.292653160849402,0.582377349279961,-0.1670326330213124,11454.915254234464
279,184.0,0.27068586770807906,0.5796924578960215,-0.4892480304992025,11628.474576271903
280,126.0,0.32584818159629,0.5152550646814742,0.00662576301165363,5033.22033898181
281,204.0,0.30607761776909936,0.5479619233585551,0.3040054212986431,6248.135593220242
282,143.5,0.25701732975347813,0.6646326580424701,-0.5009376344313776,6768.8135593224515
283,254.0,0.28508664876739076,0.577007566512082,-0.05437402039281126,29678.64406778929
284,157.0,0.231632902123505,0.64217720283134,-1.2230130440033702,10587.118644068449
285,277.5,0.3024164022455455,0.5872589699780327,-0.07019250597859399,12669.830508473404
286,130.5,0.29192091774469126,0.5818891872101538,-0.1883571618362803,5206.779661015665
287,127.5,0.31413229192091774,0.5230656577983891,-0.31195939575284104,8157.288135593723
288,253.0,0.24652184525262388,0.6980717598242616,-0.4801486178421585,20306.440677961094
289,92.5,0.28337808152306565,0.6272882597022211,-0.43486521751540347,5553.898305083376
290,133.5,0.27410300219672934,0.5901879423968758,-0.13537456755941346,6074.576271184942
291,248.5,0.2909445936050769,0.6004393458628264,0.1625718743186871,10760.67796610236
292,139.5,0.2982670246521845,0.5464974371491335,-0.46772698849773553,5727.457627118997
293,188.5,0.29753478154747376,0.5828655113497682,0.18259926732679269,10760.677966099041
294,224.0,0.2753234073712473,0.6399804735172077,-0.3481841003853402,29852.203389823146
295,498.5,0.3072980229436173,0.5899438613619722,0.44746315163918604,34885.423728804955
296,180.0,0.3019282401757383,0.5806687820356359,0.10858135821409186,16661.69491525013
297,163.0,0.2828899194532585,0.5482060043934587,-0.19035472215963756,8157.288135591209
298,264.0,0.288503783256041,0.6109348303636808,-0.04389753385842566,10760.67796610153
299,163.0,0.2970466194776666,0.5015865267268733,-0.18797542402714415,7115.932203388075
300,101.0,0.30656577983890654,0.520136685379546,-0.3571151388183231,6248.135593220724
301,581.0,0.19477666585306322,0.7722723944349524,2.184076080531281,35058.983050849616
302,217.0,0.3292653160849402,0.4498413473273127,0.04984613338982067,39745.08474575291
303,126.5,0.29777886258237735,0.5216011715889676,-0.14066049530938735,8157.288135591209
304,348.0,0.27312667805711494,0.6519404442274835,0.3154616536319146,31761.35593220351
305,79.5,0.31803758847937513,0.5108616060532096,-0.08668033643854081,3644.7457627109657
306,155.5,0.28118135220893337,0.6180131803758848,0.09229450001014637,8677.96610169545
307,513.5,0.16939223822309007,0.8342689773004638,2.360301388534201,32455.593220340983
308,1308.0,0.09738833292653161,0.8296314376372956,2.883260080458455,130516.61016947945
309,589.0,0.19746155723700268,0.7664144495972663,2.2148309945968285,40092.20338983066
310,189.0,0.300951916036124,0.546741518184037,-0.7287199215452653,18570.847457622538
311,162.5,0.3087625091530388,0.5672443251159385,-0.06958263978138465,8157.288135593095
312,89.5,0.3151086160605321,0.5250183060776178,-0.2699783367457087,5553.898305083376
313,99.5,0.31584085916524285,0.4871857456675616,-0.09146293428968641,4686.101694916988
314,93.5,0.30998291432755676,0.4691237490846961,-0.348311562178596,4165.423728815101
315,177.0,0.2948498901635343,0.5228215767634855,-0.029983998717955162,9719.322033898343
316,114.5,0.3251159384915792,0.4454478886990481,-0.25781979961959284,5901.016949152551
317,245.0,0.3058335367341958,0.5804247010007323,-0.10865786031280587,13190.508474573018
318,181.5,0.24676592628752747,0.8123016841591408,-1.08082888347581,18050.16949152097
319,189.0,0.26556016597510373,0.7183304857212595,0.5662324187160004,13537.627118640728
320,705.5,0.2643397608005858,0.7337075909201854,-0.5023343833082319,58836.61016949515
321,219.5,0.3353673419575299,0.46326580424701,0.06522079784900553,31587.796610161702
322,260.0,0.30607761776909936,0.5857944837686112,-0.08711290995816248,12149.152542373631
323,255.0,0.3041249694898706,0.4835245301440078,-0.14061371807370515,18223.728813554826
324,316.5,0.2982670246521845,0.5352697095435685,-0.056763556191520084,15620.338983046995
325,87.5,0.2880156211862338,0.64217720283134,-0.033795029585236794,5901.016949152906
326,215.0,0.2907005125701733,0.5320966560898218,0.06847012097833502,8504.406779658919
327,152.0,0.288503783256041,0.6136197217476203,-0.5647483261317174,7810.169491524702
328,457.0,0.1889187210153771,0.7827678789358067,1.9519003143125184,28463.7288135523
329,528.5,0.1484012692213815,0.7825237979009031,2.3075379424340006,38183.05084747175
330,418.0,0.2658042470100073,0.7080790822553088,0.28567477577603095,43389.83050847474
331,342.5,0.25286795216011715,0.665853063216988,-0.5736298112120413,30199.322033890858
332,164.5,0.29924334879179887,0.5818891872101538,-0.21618386047215962,7983.728813559815
333,88.0,0.3351232609226263,0.5069563094947522,-0.12157057001077948,4165.423728815101
334,126.5,0.3268245057359043,0.44642421283866246,-0.2788472287216202,6421.694915252653
335,135.5,0.3090065901879424,0.546741518184037,-0.21648585762349656,9198.644067794341
336,178.5,0.3055894556992922,0.5579692457896022,-0.02597153636702959,21521.355932198083
337,171.0,0.3307298022943617,0.45618745423480594,-0.13327928298513078,14405.423728810007
338,209.5,0.31608494020014644,0.5120820112277276,0.0808566659023391,6942.37288135636
339,100.0,0.3234073712472541,0.4779106663412253,0.02083532682026884,5901.016949152451
340,375.5,0.13692946058091288,0.8672199170124482,-1.7381457273231269,21694.91525423779
341,87.5,0.3041249694898706,0.5128142543324383,0.04107928158973627,5380.338983050765
342,229.5,0.3168171833048572,0.5220893336587747,-0.1127884429133088,31934.91525422941
343,187.5,0.3019282401757383,0.5377105198926043,-0.19954826024434302,12322.71186440754
344,178.5,0.3187698315840859,0.5801806199658287,0.18867770637706693,9545.762711862053
345,147.0,0.3058335367341958,0.49548450085428364,0.0664071152805323,9545.762711864996
346,181.5,0.3043690505247742,0.4852330973883329,-0.0485951239087597,36447.45762710965
347,203.0,0.3146204539907249,0.4691237490846961,-0.09108058492692281,29678.64406778929
348,154.5,0.29021235050036615,0.575787161337564,0.2055675799375737,16488.135593221356
349,251.5,0.2645838418354894,0.5989748596534049,-0.2996240351914982,6768.813559320364
350,232.5,0.3380522333414694,0.46448620942152796,-0.036890604993230255,23430.50847457049
351,159.0,0.26702465218452526,0.6590187942396876,-0.021709161468596753,7289.491525424179
352,155.5,0.28533072980229435,0.5230656577983891,-0.062277947924409924,7115.932203390269
353,259.5,0.30119599707102757,0.5860385648035148,-0.10920290469795962,39918.644067786765
354,220.0,0.292653160849402,0.5672443251159385,-0.05633869347304201,15620.338983046995
355,128.5,0.3380522333414694,0.46131315596778133,-0.05599617592253954,16835.254237289173
356,178.0,0.2838662435928728,0.5455211130095191,0.029337722094615885,12496.271186437596
357,104.0,0.34073712472540885,0.4574078594093239,-0.2076174866552565,5033.220338983058
358,159.0,0.2946058091286307,0.5545521113009519,0.02263086669620433,6074.576271186816
359,1097.5,0.3143763729558213,0.520136685379546,0.17262048612935615,95284.06779664542
360,390.0,0.27117402977788624,0.622650720039053,-0.06433843453210052,36447.457627118085
361,232.5,0.2704417866731755,0.6138638027825238,-0.2409114292734309,5901.016949151087
362,159.0,0.23822309006590187,0.6150842079570418,1.1317057215758104,10413.55932203454
363,340.0,0.26726873321942884,0.7322431047107639,-0.3838589007269864,51026.44067795351
364,212.5,0.3053453746643886,0.593605076885526,-0.012630215525483221,17876.610169487118
365,182.0,0.27996094703441543,0.5745667561630461,-0.9521975444821328,8504.406779661542
366,182.5,0.2982670246521845,0.5648035147669026,0.0004183815349501484,9198.644067794341
367,116.5,0.3165731022699536,0.4967049060288016,-0.058368324179831454,5033.22033898181
368,98.5,0.2789846228948011,0.585306321698804,0.07858394898716214,6768.813559320364
369,484.5,0.22797168659995118,0.7283378081523065,1.5483721404062438,41133.559322030094
370,86.0,0.3046131315596778,0.5277031974615572,-0.18667085877315628,6074.576271184942
371,195.0,0.2826458384183549,0.8337808152306566,0.8267947881866746,19091.52542372852
372,608.0,0.3087625091530388,0.5216011715889676,0.21768582943987272,32455.593220340983
373,242.0,0.30485721259458143,0.5281913595313644,0.021570402868055286,19265.08474576984
374,70.0,0.3290212350500366,0.43397608005857946,-0.12333011465802486,4686.1016949140985
375,736.0,0.11886746399804735,0.8215767634854771,2.661112796238886,123400.67796607126
376,191.5,0.29924334879179887,0.5623627044178667,0.011306302676018332,17355.932203396253
377,164.0,0.3004637539663168,0.5589455699292165,0.034661968289302625,9545.762711863525
378,193.0,0.29411764705882354,0.5630949475225775,0.03208785866106928,9372.203389828197
379,172.0,0.3055894556992922,0.543812545765194,-0.14664381761443177,19612.20338982567
380,83.5,0.31022699536246034,0.5030510129362948,-0.03671639984226368,3818.3050847471754
381,211.5,0.33561142299243346,0.406394923114474,0.31892946408245293,11454.915254234464
382,75.0,0.32658042470100074,0.4535025628508665,-0.09788508811200482,6421.694915252653
383,149.0,0.3019282401757383,0.49206736636563336,-0.11242820204068436,12496.271186437596
384,71.5,0.31047107639736393,0.550402733707591,-0.05311729067677878,3991.8644067799073
385,518.0,0.27068586770807906,0.5950695630949475,-0.10067926234177028,33496.94915254444
386,81.0,0.3151086160605321,0.5311203319502075,-0.4719548550646931,10587.118644065185
387,63.0,0.3202343177935074,0.44007810593116914,0.013766068854533839,7115.932203388075
388,242.0,0.292653160849402,0.6070295338052233,0.03413337859328219,20480.000000001262
389,265.0,0.2946058091286307,0.5381986819624115,0.38991542891589065,10587.118644065185
390,275.0,0.3185257505491823,0.46009275079326334,-0.061710753275538655,12496.271186441449
391,292.0,0.23822309006590187,0.7276055650475958,-0.8400447746639291,20653.559322028803
392,105.0,0.31803758847937513,0.4803514766902612,0.04714844290084312,5553.898305083376
393,167.0,0.29948742982670246,0.5862826458384184,-0.4046654510756718,10587.118644068449
394,233.5,0.2860629729070051,0.571637783744203,0.06965649621461743,8504.406779661009
395,232.5,0.2946058091286307,0.5513790578472053,0.031397651133071434,23430.508474577717
396,237.0,0.3053453746643886,0.4842567732487186,-0.007890063424731206,25860.33898304447
397,401.5,0.19355626067854528,0.8201122772760556,-1.952871740838662,21694.91525423194
398,87.0,0.3187698315840859,0.5064681474249451,-0.09714141218752505,7115.932203388075
399,93.5,0.33219428850378324,0.4586282645838418,0.0836471667718495,7115.932203389721
400,1344.0,0.23236514522821577,0.6939223822309006,1.4496565972230613,138847.4576270844
401,1196.5,0.21454722968025383,0.6741518184037101,1.3593332830338956,120450.16949153286
402,651.5,0.3507444471564559,0.3866243592872834,-0.5189794300449693,48075.932203377975
403,1170.0,0.3697827678789358,0.29216499877959484,-0.48304243450187184,170608.81355927995
404,394.5,0.29997559189650963,0.5460092750793263,0.1521641301821312,23430.50847457049
405,561.5,0.3600195264827923,0.4332438369538687,-0.10206376390521994,60051.525423714
406,693.5,0.3112033195020747,0.4078594093238955,-0.6693873598091287,63175.593220323404
407,1449.0,0.2096656089821821,0.6499877959482548,-1.3780134137281093,141971.52542373756
408,887.5,0.29802294361728093,0.5272150353917501,0.5220639131036561,72894.91525424179
409,1544.5,0.3292653160849402,0.5445447888699048,-0.38235247413870044,156029.83050848418
410,1067.5,0.29777886258237735,0.5875030510129363,-0.006265354056853621,101705.76271183933
411,674.5,0.34635098852819135,0.4535025628508665,0.2776928722432598,59877.96610168015
412,470.0,0.34293385403954113,0.3846717110080547,-0.42078561642080886,39050.84745764157
413,948.0,0.30851842811813524,0.42592140590676103,-0.8647765627160128,69250.16949150835
414,606.5,0.28166951427874054,0.5694410544300708,0.048988026256015435,80184.40677966597
415,1370.0,0.22333414693678302,0.6309494752257749,-1.382500907757351,151864.4067796704
416,487.0,0.23456187454234806,0.6851354649743715,-0.6061766963844488,38183.050847459985
417,353.5,0.3046131315596778,0.5848181596289969,-0.5441916584623355,31240.67796609399
418,1165.5,0.33902855748108374,0.4552111300951916,0.25055447260508357,115590.5084745834
419,1464.5,0.2662924090798145,0.5833536734195753,-1.0666508745647196,187096.94915249624
420,1078.5,0.3832072247986332,0.3131559677813034,-0.25929547727713137,80878.6440678016
421,1465.0,0.31047107639736393,0.5450329509397119,0.3133365739553642,166616.94915250127
422,427.0,0.26336343666097145,0.5845740785940933,-0.589169437804117,42869.15254238874
423,421.0,0.2704417866731755,0.6136197217476203,-0.8766659469624373,30719.999999992422
424,1814.5,0.2457896021479131,0.6634122528679521,-0.8684567622639437,188138.30508472837
425,534.5,0.32999755918965096,0.3973639248230412,-0.20395455921261949,50505.76271185195
426,335.5,0.30998291432755676,0.4476446180131804,-0.3981952148825258,39224.40677965134
427,1093.0,0.27092994874298265,0.5828655113497682,0.8526917038825765,96846.10169492122
428,646.0,0.386868440322187,0.31388821088601415,0.36277688379301226,58663.05084746124
429,490.5,0.296802538442763,0.4927996094703442,0.38679854328226926,31761.355932195554
430,527.5,0.35001220405174516,0.402245545521113,0.4256219097250366,58315.93220337545
431,961.0,0.30144007810593115,0.5958018061996583,0.26976930905207813,124094.91525420669
432,1711.5,0.25433243836953867,0.5772516475469855,-1.0435384105428396,340696.94915245834
433,1448.5,0.28972418843055897,0.5084207957041738,-0.9203548846823034,318828.47457619256
434,820.0,0.35684647302904565,0.41981938003417135,-0.34828772981255535,73242.03389833219
435,1392.5,0.2050280693190139,0.6673175494264095,1.7457668009767027,98234.57627116221
436,474.5,0.26873321942885037,0.6041005613863802,-0.9251475808898412,37835.9322033805
437,473.5,0.28972418843055897,0.5899438613619722,-0.017998242343641033,40439.3220339008
438,1012.0,0.31803758847937513,0.5447888699048083,0.48957588511994515,78101.69491525454
439,689.5,0.33390285574810835,0.4205516231388821,0.29221466340096397,69597.2881355935
440,1409.5,0.18794239687576275,0.6355870148889431,-1.580058301604012,150302.3728813652
441,1848.0,0.32413961435196487,0.46326580424701,0.44830993554006937,127739.66101695703
442,976.5,0.2743470832316329,0.5748108371979497,1.0107286520359187,91118.64406777413
443,619.5,0.3270685867708079,0.3812545765194044,-0.661614710068267,43563.38983052459
444,585.5,0.14791310715157432,0.7971686599951184,2.2676791104476424,53976.94915252906
445,450.0,0.32267512814254334,0.4459360507688553,-0.29952299381225617,28810.847457620013
446,615.5,0.32462777642177204,0.4732731266780571,-0.23696749595268657,55191.86440677881
447,1023.0,0.2914327556748841,0.6270441786673175,0.11436532955032434,72547.79661015159
448,1074.5,0.28313400048816206,0.6470588235294118,-0.11024895362736382,93201.35593220555
449,519.0,0.22455455211130096,0.7183304857212595,-1.2222634729519397,36273.898305075796
450,707.0,0.3055894556992922,0.4879179887722724,0.6981091346448879,64216.94915254633
451,1672.5,0.260678545277032,0.589455699292165,-0.7355448129325275,209138.98305086035
452,720.0,0.2809372711740298,0.5320966560898218,0.8724196701983471,58836.61016947701
453,1670.5,0.2479863314620454,0.593605076885526,-1.1575317042701723,415153.89830498234
454,884.0,0.2770319746155724,0.5928728337808152,0.7671068082813465,102399.99999997474
455,624.5,0.28166951427874054,0.5650475958018062,0.8834227533423057,50505.76271186752
456,1128.5,0.33390285574810835,0.4337319990236759,0.5730221749901714,80705.0847457428
457,375.5,0.31925799365389307,0.4913351232609226,-0.14706356119512373,21868.474576272536
458,763.0,0.3231632902123505,0.3978520868928484,-0.6179208078247034,56753.89830507075
459,1343.5,0.3348791798877227,0.47595801806199656,-0.6475897783481882,150823.05084742044
460,550.0,0.35879912130827435,0.3190139126189895,0.3748742559997964,52241.355932206614
461,246.0,0.37881376617036855,0.2931413229192092,0.30348876428930077,15273.220338988702
462,651.5,0.24603368318281668,0.6355870148889431,0.8321443349821458,75845.42372879485
463,1609.0,0.22504271418110813,0.5821332682450574,-1.2568810968074375,210006.77966096514
464,563.0,0.32267512814254334,0.44813278008298757,-0.024357120642087053,33149.830508474064
465,1536.0,0.3351232609226263,0.4288503783256041,-0.44806472973070005,160368.81355933193
466,1239.0,0.26751281425433243,0.5655357578716134,1.0918894277265705,148740.33898304857
467,852.5,0.33024164022455454,0.3888210886014157,-0.7530194862380961,63002.03389830897
468,335.5,0.23505003661215523,0.5184281181352209,1.1074396625496528,34017.62711865665
469,554.5,0.37466438857700757,0.3219428850378326,0.5542820341734657,65084.74576269581
470,1501.0,0.2577495728581889,0.5618745423480596,-0.009611638710854334,167311.18644067537
471,745.5,0.3278008298755187,0.5530876250915304,0.24008386610819554,73415.59322032088
472,1330.5,0.34220161093483037,0.39272638515987307,0.5339088675145014,215560.67796604853
473,1644.0,0.2933854039541128,0.5072003905296558,-0.7967008596554048,217816.94915248864
474,592.5,0.35660239199414207,0.34854771784232363,0.19244728945601727,74456.94915252402
475,1047.5,0.33243836953868683,0.36270441786673174,-0.7557480541649251,99102.3728813926
476,984.5,0.3168171833048572,0.48620942152794727,-0.04957717859799979,89209.49152542923
477,739.5,0.2892360263607518,0.5970222113741762,-0.9250494983835762,62134.23728812027
478,690.0,0.25506468147424943,0.6551134976812302,-0.9956775728798191,69423.7288135529
479,342.0,0.24652184525262388,0.525506468147425,1.1037662065393583,43563.38983049773
480,492.0,0.3295093971198438,0.4491091042226019,0.4545949689417624,69076.61016947449
481,1336.0,0.2933854039541128,0.5494264095679766,0.506536497404268,100317.2881355994
482,512.5,0.2865511349768123,0.5157432267512815,0.24267494218730348,55712.54237288479
483,1580.5,0.30827434708323165,0.41957529899926777,-0.7381550203525635,220073.22033899662
484,355.0,0.26336343666097145,0.6192335855504028,1.1872798058753329,18744.40677966217
485,590.5,0.3656333902855748,0.3617280937271174,0.2888638255841746,72374.23728811774
486,523.5,0.2584818159628997,0.6326580424701,-0.8878537395824276,38183.05084747175
487,1464.0,0.3473273126678057,0.5069563094947522,0.1808656661901858,145616.27118644965
488,1146.5,0.31022699536246034,0.46326580424701,0.7517702195200344,209659.66101689744
489,945.5,0.3436660971442519,0.5089089577739809,0.21655238406111885,61092.88135593244
490,1725.0,0.2753234073712473,0.589455699292165,-0.7589579000605426,200287.457627131
491,1009.5,0.2892360263607518,0.5240419819380034,0.8239357974915648,86606.10169491726
492,852.5,0.3907737368806444,0.34805955577251646,0.2605398194807477,60745.762711868156
493,1279.5,0.20258725896997803,0.8115694410544301,-0.7058223212908012,152037.96610170428
494,401.5,0.33707590920185504,0.4571637783744203,0.24369780411155645,29331.52542373062
495,876.5,0.3683182816695143,0.36441298511105685,-0.4727566126078412,94242.71186441259
496,433.0,0.3617280937271174,0.39492311447400535,0.046879961253473476,27595.93220339153
497,1359.0,0.2704417866731755,0.6282645838418355,-0.4681302476837636,243156.61016943154
498,1590.0,0.3055894556992922,0.4891383939467903,-0.6740339141930839,176856.9491525422
499,1396.0,0.2257749572858189,0.6067854527703197,-1.347758230265331,131037.2881356013
